epoch,container,cpu_percent
1791017664,my-rtb-log-consumer-1,1.25
1791017664,my-rtb-bidder-1,1.52
1791017664,my-rtb-ad-manager-1,0.16
1791017664,my-rtb-schema-registry-1,0.34
1791017664,my-rtb-postgres-1,0.00
1791017664,my-rtb-redis-1,1.25
1791017664,my-rtb-kafka-1,3.05
1791017667,my-rtb-log-consumer-1,1.79
1791017667,my-rtb-bidder-1,1.61
1791017667,my-rtb-ad-manager-1,0.53
1791017667,my-rtb-schema-registry-1,10.72
1791017667,my-rtb-postgres-1,2.07
1791017667,my-rtb-redis-1,1.48
1791017667,my-rtb-kafka-1,15.19
1791017667,beautiful_dubinsky,100.11
1791017670,my-rtb-log-consumer-1,1.98
1791017670,my-rtb-bidder-1,1.73
1791017670,my-rtb-ad-manager-1,0.25
1791017670,my-rtb-schema-registry-1,0.42
1791017670,my-rtb-postgres-1,0.00
1791017670,my-rtb-redis-1,2.03
1791017670,my-rtb-kafka-1,2.17
1791017672,my-rtb-log-consumer-1,1.69
1791017672,my-rtb-bidder-1,2.10
1791017672,my-rtb-ad-manager-1,0.28
1791017672,my-rtb-schema-registry-1,0.58
1791017672,my-rtb-postgres-1,0.00
1791017672,my-rtb-redis-1,1.67
1791017672,my-rtb-kafka-1,2.92
1791017674,my-rtb-log-consumer-1,1.64
1791017674,my-rtb-bidder-1,1.48
1791017674,my-rtb-ad-manager-1,0.24
1791017674,my-rtb-schema-registry-1,0.54
1791017674,my-rtb-postgres-1,0.00
1791017674,my-rtb-redis-1,1.25
1791017674,my-rtb-kafka-1,2.96
1791017676,my-rtb-log-consumer-1,3.62
1791017676,my-rtb-bidder-1,1.28
1791017676,my-rtb-ad-manager-1,0.29
1791017676,my-rtb-schema-registry-1,0.49
1791017676,my-rtb-postgres-1,0.00
1791017676,my-rtb-redis-1,1.27
1791017676,my-rtb-kafka-1,2.92
1791017678,my-rtb-log-consumer-1,1.63
1791017678,my-rtb-bidder-1,2.36
1791017678,my-rtb-ad-manager-1,0.24
1791017678,my-rtb-schema-registry-1,0.48
1791017678,my-rtb-postgres-1,0.00
1791017678,my-rtb-redis-1,1.46
1791017678,my-rtb-kafka-1,2.70
1791017680,my-rtb-log-consumer-1,2.24
1791017680,my-rtb-bidder-1,1.93
1791017680,my-rtb-ad-manager-1,0.36
1791017680,my-rtb-schema-registry-1,0.52
1791017680,my-rtb-postgres-1,0.00
1791017680,my-rtb-redis-1,1.53
1791017680,my-rtb-kafka-1,3.31
1791017682,my-rtb-log-consumer-1,3.05
1791017682,my-rtb-bidder-1,4.47
1791017682,my-rtb-ad-manager-1,0.31
1791017682,my-rtb-schema-registry-1,0.62
1791017682,my-rtb-postgres-1,0.00
1791017682,my-rtb-redis-1,1.41
1791017682,my-rtb-kafka-1,3.59
1791017684,my-rtb-log-consumer-1,1.64
1791017684,my-rtb-bidder-1,1.17
1791017684,my-rtb-ad-manager-1,0.37
1791017684,my-rtb-schema-registry-1,0.56
1791017684,my-rtb-postgres-1,0.00
1791017684,my-rtb-redis-1,0.90
1791017684,my-rtb-kafka-1,3.21
1791017686,my-rtb-log-consumer-1,1.21
1791017686,my-rtb-bidder-1,0.89
1791017686,my-rtb-ad-manager-1,0.18
1791017686,my-rtb-schema-registry-1,0.28
1791017686,my-rtb-postgres-1,0.00
1791017686,my-rtb-redis-1,0.74
1791017686,my-rtb-kafka-1,2.05
1791017688,my-rtb-log-consumer-1,0.84
1791017688,my-rtb-bidder-1,0.42
1791017688,my-rtb-ad-manager-1,0.07
1791017688,my-rtb-schema-registry-1,0.15
1791017688,my-rtb-postgres-1,0.00
1791017688,my-rtb-redis-1,0.34
1791017688,my-rtb-kafka-1,1.01
1791017688,priceless_mayer,99.44
1791017691,my-rtb-log-consumer-1,2.50
1791017691,my-rtb-bidder-1,1.81
1791017691,my-rtb-ad-manager-1,0.24
1791017691,my-rtb-schema-registry-1,0.58
1791017691,my-rtb-postgres-1,0.01
1791017691,my-rtb-redis-1,1.24
1791017691,my-rtb-kafka-1,3.04
1791017693,my-rtb-log-consumer-1,1.57
1791017693,my-rtb-bidder-1,1.64
1791017693,my-rtb-ad-manager-1,0.28
1791017693,my-rtb-schema-registry-1,0.53
1791017693,my-rtb-postgres-1,0.01
1791017693,my-rtb-redis-1,1.08
1791017693,my-rtb-kafka-1,2.98
1791017695,my-rtb-log-consumer-1,1.58
1791017695,my-rtb-bidder-1,1.32
1791017695,my-rtb-ad-manager-1,0.26
1791017695,my-rtb-schema-registry-1,0.45
1791017695,my-rtb-postgres-1,0.00
1791017695,my-rtb-redis-1,1.29
1791017695,my-rtb-kafka-1,2.63
1791017697,my-rtb-log-consumer-1,2.27
1791017697,my-rtb-bidder-1,1.09
1791017697,my-rtb-ad-manager-1,0.20
1791017697,my-rtb-schema-registry-1,0.41
1791017697,my-rtb-postgres-1,0.00
1791017697,my-rtb-redis-1,1.07
1791017697,my-rtb-kafka-1,2.93
1791017700,my-rtb-log-consumer-1,1.84
1791017700,my-rtb-bidder-1,1.13
1791017700,my-rtb-ad-manager-1,0.27
1791017700,my-rtb-schema-registry-1,0.51
1791017700,my-rtb-postgres-1,0.00
1791017700,my-rtb-redis-1,1.21
1791017700,my-rtb-kafka-1,3.86
1791017702,my-rtb-log-consumer-1,1.51
1791017702,my-rtb-bidder-1,1.90
1791017702,my-rtb-ad-manager-1,0.29
1791017702,my-rtb-schema-registry-1,0.53
1791017702,my-rtb-postgres-1,0.00
1791017702,my-rtb-redis-1,1.45
1791017702,my-rtb-kafka-1,2.42
1791017704,my-rtb-log-consumer-1,2.86
1791017704,my-rtb-bidder-1,1.50
1791017704,my-rtb-ad-manager-1,0.31
1791017704,my-rtb-schema-registry-1,0.66
1791017704,my-rtb-postgres-1,0.02
1791017704,my-rtb-redis-1,1.58
1791017704,my-rtb-kafka-1,3.62
1791017706,my-rtb-log-consumer-1,1.49
1791017706,my-rtb-bidder-1,2.53
1791017706,my-rtb-ad-manager-1,0.27
1791017706,my-rtb-schema-registry-1,0.53
1791017706,my-rtb-postgres-1,0.00
1791017706,my-rtb-redis-1,1.72
1791017706,my-rtb-kafka-1,2.55
1791017708,my-rtb-log-consumer-1,1.17
1791017708,my-rtb-bidder-1,1.59
1791017708,my-rtb-ad-manager-1,0.17
1791017708,my-rtb-schema-registry-1,0.31
1791017708,my-rtb-postgres-1,1.04
1791017708,my-rtb-redis-1,1.11
1791017708,my-rtb-kafka-1,1.72
1791017710,my-rtb-log-consumer-1,0.77
1791017710,my-rtb-bidder-1,0.70
1791017710,my-rtb-ad-manager-1,0.06
1791017710,my-rtb-schema-registry-1,0.11
1791017710,my-rtb-postgres-1,0.00
1791017710,my-rtb-redis-1,0.42
1791017710,my-rtb-kafka-1,0.94
1791017710,quirky_zhukovsky,99.62
1791017712,my-rtb-log-consumer-1,0.64
1791017712,my-rtb-bidder-1,1.01
1791017712,my-rtb-ad-manager-1,0.08
1791017712,my-rtb-schema-registry-1,0.13
1791017712,my-rtb-postgres-1,0.00
1791017712,my-rtb-redis-1,0.52
1791017712,my-rtb-kafka-1,0.78
1791017714,my-rtb-log-consumer-1,1.76
1791017714,my-rtb-bidder-1,1.42
1791017714,my-rtb-ad-manager-1,0.26
1791017714,my-rtb-schema-registry-1,0.63
1791017714,my-rtb-postgres-1,0.02
1791017714,my-rtb-redis-1,1.17
1791017714,my-rtb-kafka-1,3.17
1791017716,my-rtb-log-consumer-1,3.47
1791017716,my-rtb-bidder-1,1.56
1791017716,my-rtb-ad-manager-1,0.28
1791017716,my-rtb-schema-registry-1,0.61
1791017716,my-rtb-postgres-1,0.00
1791017716,my-rtb-redis-1,1.09
1791017716,my-rtb-kafka-1,3.41
1791017718,my-rtb-log-consumer-1,4.30
1791017718,my-rtb-bidder-1,2.14
1791017718,my-rtb-ad-manager-1,0.25
1791017718,my-rtb-schema-registry-1,0.53
1791017718,my-rtb-postgres-1,0.00
1791017718,my-rtb-redis-1,1.44
1791017718,my-rtb-kafka-1,4.68
1791017720,my-rtb-log-consumer-1,1.64
1791017720,my-rtb-bidder-1,1.35
1791017720,my-rtb-ad-manager-1,0.35
1791017720,my-rtb-schema-registry-1,0.58
1791017720,my-rtb-postgres-1,0.00
1791017720,my-rtb-redis-1,0.99
1791017720,my-rtb-kafka-1,3.04
1791017722,my-rtb-log-consumer-1,2.21
1791017722,my-rtb-bidder-1,1.78
1791017722,my-rtb-ad-manager-1,0.29
1791017722,my-rtb-schema-registry-1,0.62
1791017722,my-rtb-postgres-1,0.01
1791017722,my-rtb-redis-1,1.28
1791017722,my-rtb-kafka-1,3.31
1791017724,my-rtb-log-consumer-1,2.72
1791017724,my-rtb-bidder-1,1.96
1791017724,my-rtb-ad-manager-1,0.25
1791017724,my-rtb-schema-registry-1,0.51
1791017724,my-rtb-postgres-1,0.01
1791017724,my-rtb-redis-1,1.41
1791017724,my-rtb-kafka-1,3.29
1791017726,my-rtb-log-consumer-1,1.34
1791017726,my-rtb-bidder-1,1.95
1791017726,my-rtb-ad-manager-1,0.51
1791017726,my-rtb-schema-registry-1,0.43
1791017726,my-rtb-postgres-1,0.00
1791017726,my-rtb-redis-1,1.27
1791017726,my-rtb-kafka-1,2.47
1791017728,my-rtb-log-consumer-1,1.50
1791017728,my-rtb-bidder-1,1.57
1791017728,my-rtb-ad-manager-1,0.16
1791017728,my-rtb-schema-registry-1,0.33
1791017728,my-rtb-postgres-1,0.00
1791017728,my-rtb-redis-1,0.89
1791017728,my-rtb-kafka-1,1.88
1791017730,my-rtb-log-consumer-1,0.97
1791017730,my-rtb-bidder-1,0.83
1791017730,my-rtb-ad-manager-1,0.09
1791017730,my-rtb-schema-registry-1,0.23
1791017730,my-rtb-postgres-1,0.00
1791017730,my-rtb-redis-1,0.56
1791017730,my-rtb-kafka-1,1.52
1791017730,loving_greider,99.99
1791017733,my-rtb-log-consumer-1,1.63
1791017733,my-rtb-bidder-1,1.57
1791017733,my-rtb-ad-manager-1,0.20
1791017733,my-rtb-schema-registry-1,0.55
1791017733,my-rtb-postgres-1,0.00
1791017733,my-rtb-redis-1,0.69
1791017733,my-rtb-kafka-1,2.37
1791017735,my-rtb-log-consumer-1,2.11
1791017735,my-rtb-bidder-1,2.06
1791017735,my-rtb-ad-manager-1,0.32
1791017735,my-rtb-schema-registry-1,0.57
1791017735,my-rtb-postgres-1,0.00
1791017735,my-rtb-redis-1,1.39
1791017735,my-rtb-kafka-1,3.43
1791017737,my-rtb-log-consumer-1,2.13
1791017737,my-rtb-bidder-1,1.87
1791017737,my-rtb-ad-manager-1,0.24
1791017737,my-rtb-schema-registry-1,0.51
1791017737,my-rtb-postgres-1,0.00
1791017737,my-rtb-redis-1,1.47
1791017737,my-rtb-kafka-1,3.22
1791017739,my-rtb-log-consumer-1,2.26
1791017739,my-rtb-bidder-1,1.22
1791017739,my-rtb-ad-manager-1,0.26
1791017739,my-rtb-schema-registry-1,0.62
1791017739,my-rtb-postgres-1,0.00
1791017739,my-rtb-redis-1,1.19
1791017739,my-rtb-kafka-1,6.88
1791017741,my-rtb-log-consumer-1,1.60
1791017741,my-rtb-bidder-1,1.07
1791017741,my-rtb-ad-manager-1,0.44
1791017741,my-rtb-schema-registry-1,0.47
1791017741,my-rtb-postgres-1,0.01
1791017741,my-rtb-redis-1,1.14
1791017741,my-rtb-kafka-1,13.57
1791017743,my-rtb-log-consumer-1,2.17
1791017743,my-rtb-bidder-1,1.60
1791017743,my-rtb-ad-manager-1,0.21
1791017743,my-rtb-schema-registry-1,0.60
1791017743,my-rtb-postgres-1,0.00
1791017743,my-rtb-redis-1,1.11
1791017743,my-rtb-kafka-1,3.00
1791017745,my-rtb-log-consumer-1,2.14
1791017745,my-rtb-bidder-1,1.07
1791017745,my-rtb-ad-manager-1,0.24
1791017745,my-rtb-schema-registry-1,0.51
1791017745,my-rtb-postgres-1,0.00
1791017745,my-rtb-redis-1,0.96
1791017745,my-rtb-kafka-1,2.76
1791017747,my-rtb-log-consumer-1,1.33
1791017747,my-rtb-bidder-1,1.89
1791017747,my-rtb-ad-manager-1,0.25
1791017747,my-rtb-schema-registry-1,0.68
1791017747,my-rtb-postgres-1,0.88
1791017747,my-rtb-redis-1,1.32
1791017747,my-rtb-kafka-1,2.78
1791017749,my-rtb-log-consumer-1,1.20
1791017749,my-rtb-bidder-1,1.41
1791017749,my-rtb-ad-manager-1,0.17
1791017749,my-rtb-schema-registry-1,0.36
1791017749,my-rtb-postgres-1,0.00
1791017749,my-rtb-redis-1,1.00
1791017749,my-rtb-kafka-1,6.47
1791017751,my-rtb-log-consumer-1,0.84
1791017751,my-rtb-bidder-1,0.59
1791017751,my-rtb-ad-manager-1,0.10
1791017751,my-rtb-schema-registry-1,0.22
1791017751,my-rtb-postgres-1,0.00
1791017751,my-rtb-redis-1,0.42
1791017751,my-rtb-kafka-1,1.22
1791017751,focused_cerf,99.84
1791017754,my-rtb-bidder-1,21.18
1791017754,my-rtb-schema-registry-1,0.36
1791017754,my-rtb-redis-1,0.45
1791017754,my-rtb-kafka-1,15.38
1791017756,my-rtb-redis-1,9.74
1791017756,my-rtb-kafka-1,3.40
1791017758,my-rtb-redis-1,56.70
1791017762,--,0.00
1791017762,--,0.00
1791017762,--,0.00
1791017762,my-rtb-ad-manager-1,101.78
1791017762,my-rtb-schema-registry-1,100.56
1791017762,my-rtb-postgres-1,2.53
1791017762,my-rtb-redis-1,0.21
1791017762,my-rtb-kafka-1,103.81
1791017762,my-rtb-bidder-1,205.19
1791017762,my-rtb-log-consumer-1,99.07
1791017765,my-rtb-log-consumer-1,99.76
1791017765,my-rtb-bidder-1,200.55
1791017765,my-rtb-ad-manager-1,99.65
1791017765,my-rtb-schema-registry-1,0.60
1791017765,my-rtb-postgres-1,0.02
1791017765,my-rtb-redis-1,1.33
1791017765,my-rtb-kafka-1,186.62
1791017767,my-rtb-log-consumer-1,99.01
1791017767,my-rtb-bidder-1,0.27
1791017767,my-rtb-ad-manager-1,98.89
1791017767,my-rtb-schema-registry-1,99.41
1791017767,my-rtb-postgres-1,4.55
1791017767,my-rtb-redis-1,0.15
1791017767,my-rtb-kafka-1,2.19
1791017769,my-rtb-log-consumer-1,106.11
1791017769,my-rtb-bidder-1,31.56
1791017769,my-rtb-ad-manager-1,100.32
1791017769,my-rtb-schema-registry-1,87.99
1791017769,my-rtb-postgres-1,0.03
1791017769,my-rtb-redis-1,1.51
1791017769,my-rtb-kafka-1,130.56
1791017771,my-rtb-log-consumer-1,10.43
1791017771,my-rtb-bidder-1,0.27
1791017771,my-rtb-ad-manager-1,0.51
1791017771,my-rtb-schema-registry-1,1.94
1791017771,my-rtb-postgres-1,0.06
1791017771,my-rtb-redis-1,0.36
1791017771,my-rtb-kafka-1,17.88
1791017773,my-rtb-log-consumer-1,3.08
1791017773,my-rtb-bidder-1,0.12
1791017773,my-rtb-ad-manager-1,0.18
1791017773,my-rtb-schema-registry-1,0.78
1791017773,my-rtb-postgres-1,0.01
1791017773,my-rtb-redis-1,0.16
1791017773,my-rtb-kafka-1,5.59
1791017775,my-rtb-log-consumer-1,5.22
1791017775,my-rtb-bidder-1,0.26
1791017775,my-rtb-ad-manager-1,90.50
1791017775,my-rtb-schema-registry-1,1.01
1791017775,my-rtb-postgres-1,1.15
1791017775,my-rtb-redis-1,0.34
1791017775,my-rtb-kafka-1,8.69
1791017777,my-rtb-log-consumer-1,17.33
1791017777,my-rtb-bidder-1,207.51
1791017777,my-rtb-ad-manager-1,0.18
1791017777,my-rtb-schema-registry-1,42.01
1791017777,my-rtb-postgres-1,0.05
1791017777,my-rtb-redis-1,6.52
1791017777,my-rtb-kafka-1,14.75
1791017779,my-rtb-log-consumer-1,91.73
1791017779,my-rtb-bidder-1,188.71
1791017779,my-rtb-ad-manager-1,0.14
1791017779,my-rtb-schema-registry-1,1.11
1791017779,my-rtb-postgres-1,10.37
1791017779,my-rtb-redis-1,6.37
1791017779,my-rtb-kafka-1,51.29
1791017781,my-rtb-log-consumer-1,55.29
1791017781,my-rtb-bidder-1,111.08
1791017781,my-rtb-ad-manager-1,0.16
1791017781,my-rtb-schema-registry-1,0.76
1791017781,my-rtb-postgres-1,4.42
1791017781,my-rtb-redis-1,5.13
1791017781,my-rtb-kafka-1,53.95
1791017783,my-rtb-log-consumer-1,38.95
1791017783,my-rtb-bidder-1,64.01
1791017783,my-rtb-ad-manager-1,0.11
1791017783,my-rtb-schema-registry-1,0.56
1791017783,my-rtb-postgres-1,3.53
1791017783,my-rtb-redis-1,4.40
1791017783,my-rtb-kafka-1,41.26
1791017785,my-rtb-log-consumer-1,45.59
1791017785,my-rtb-bidder-1,76.35
1791017785,my-rtb-ad-manager-1,0.17
1791017785,my-rtb-schema-registry-1,0.69
1791017785,my-rtb-postgres-1,3.68
1791017785,my-rtb-redis-1,4.49
1791017785,my-rtb-kafka-1,38.61
1791017787,my-rtb-log-consumer-1,25.09
1791017787,my-rtb-bidder-1,48.06
1791017787,my-rtb-ad-manager-1,0.18
1791017787,my-rtb-schema-registry-1,0.58
1791017787,my-rtb-postgres-1,2.84
1791017787,my-rtb-redis-1,3.83
1791017787,my-rtb-kafka-1,28.00
1791017789,my-rtb-log-consumer-1,16.34
1791017789,my-rtb-bidder-1,40.41
1791017789,my-rtb-ad-manager-1,0.12
1791017789,my-rtb-schema-registry-1,0.45
1791017789,my-rtb-postgres-1,2.62
1791017789,my-rtb-redis-1,3.63
1791017789,my-rtb-kafka-1,27.42
1791017791,my-rtb-log-consumer-1,18.57
1791017791,my-rtb-bidder-1,59.29
1791017791,my-rtb-ad-manager-1,0.45
1791017791,my-rtb-schema-registry-1,1.07
1791017791,my-rtb-postgres-1,6.66
1791017791,my-rtb-redis-1,5.59
1791017791,my-rtb-kafka-1,42.85
1791017793,my-rtb-log-consumer-1,21.05
1791017793,my-rtb-bidder-1,64.52
1791017793,my-rtb-ad-manager-1,0.13
1791017793,my-rtb-schema-registry-1,0.46
1791017793,my-rtb-postgres-1,4.37
1791017793,my-rtb-redis-1,6.20
1791017793,my-rtb-kafka-1,34.58
1791017795,my-rtb-log-consumer-1,25.32
1791017795,my-rtb-bidder-1,84.30
1791017795,my-rtb-ad-manager-1,1.23
1791017795,my-rtb-schema-registry-1,1.51
1791017795,my-rtb-postgres-1,4.94
1791017795,my-rtb-redis-1,7.23
1791017795,my-rtb-kafka-1,29.10
1791017797,my-rtb-log-consumer-1,57.22
1791017797,my-rtb-bidder-1,82.44
1791017797,my-rtb-ad-manager-1,0.32
1791017797,my-rtb-schema-registry-1,0.82
1791017797,my-rtb-postgres-1,6.17
1791017797,my-rtb-redis-1,8.12
1791017797,my-rtb-kafka-1,73.81
1791017799,my-rtb-log-consumer-1,20.36
1791017799,my-rtb-bidder-1,39.86
1791017799,my-rtb-ad-manager-1,0.12
1791017799,my-rtb-schema-registry-1,1.05
1791017799,my-rtb-postgres-1,2.65
1791017799,my-rtb-redis-1,3.91
1791017799,my-rtb-kafka-1,14.78
1791017801,my-rtb-log-consumer-1,35.65
1791017801,my-rtb-bidder-1,34.97
1791017801,my-rtb-ad-manager-1,0.15
1791017801,my-rtb-schema-registry-1,0.66
1791017801,my-rtb-postgres-1,3.30
1791017801,my-rtb-redis-1,5.06
1791017801,my-rtb-kafka-1,32.17
1791017803,my-rtb-log-consumer-1,16.38
1791017803,my-rtb-bidder-1,72.42
1791017803,my-rtb-ad-manager-1,0.14
1791017803,my-rtb-schema-registry-1,0.54
1791017803,my-rtb-postgres-1,5.03
1791017803,my-rtb-redis-1,6.76
1791017803,my-rtb-kafka-1,28.00
1791017805,my-rtb-log-consumer-1,18.42
1791017805,my-rtb-bidder-1,35.58
1791017805,my-rtb-ad-manager-1,0.11
1791017805,my-rtb-schema-registry-1,1.34
1791017805,my-rtb-postgres-1,3.20
1791017805,my-rtb-redis-1,4.22
1791017805,my-rtb-kafka-1,17.97
1791017807,my-rtb-log-consumer-1,10.21
1791017807,my-rtb-bidder-1,57.82
1791017807,my-rtb-ad-manager-1,0.27
1791017807,my-rtb-schema-registry-1,0.60
1791017807,my-rtb-postgres-1,2.90
1791017807,my-rtb-redis-1,4.24
1791017807,my-rtb-kafka-1,9.89
1791017809,my-rtb-log-consumer-1,17.72
1791017809,my-rtb-bidder-1,34.96
1791017809,my-rtb-ad-manager-1,0.12
1791017809,my-rtb-schema-registry-1,0.52
1791017809,my-rtb-postgres-1,3.09
1791017809,my-rtb-redis-1,4.34
1791017809,my-rtb-kafka-1,20.34
1791017811,my-rtb-log-consumer-1,15.33
1791017811,my-rtb-bidder-1,55.79
1791017811,my-rtb-ad-manager-1,0.13
1791017811,my-rtb-schema-registry-1,0.48
1791017811,my-rtb-postgres-1,4.24
1791017811,my-rtb-redis-1,5.77
1791017811,my-rtb-kafka-1,15.35
1791017813,my-rtb-log-consumer-1,10.78
1791017813,my-rtb-bidder-1,40.68
1791017813,my-rtb-ad-manager-1,0.13
1791017813,my-rtb-schema-registry-1,0.40
1791017813,my-rtb-postgres-1,3.17
1791017813,my-rtb-redis-1,4.56
1791017813,my-rtb-kafka-1,13.24
1791017815,my-rtb-log-consumer-1,10.26
1791017815,my-rtb-bidder-1,58.21
1791017815,my-rtb-ad-manager-1,0.15
1791017815,my-rtb-schema-registry-1,0.70
1791017815,my-rtb-postgres-1,3.59
1791017815,my-rtb-redis-1,4.92
1791017815,my-rtb-kafka-1,12.12
1791017817,my-rtb-log-consumer-1,9.76
1791017817,my-rtb-bidder-1,36.70
1791017817,my-rtb-ad-manager-1,0.15
1791017817,my-rtb-schema-registry-1,0.88
1791017817,my-rtb-postgres-1,3.24
1791017817,my-rtb-redis-1,5.09
1791017817,my-rtb-kafka-1,14.65
1791017819,my-rtb-log-consumer-1,8.24
1791017819,my-rtb-bidder-1,52.72
1791017819,my-rtb-ad-manager-1,0.13
1791017819,my-rtb-schema-registry-1,0.43
1791017819,my-rtb-postgres-1,3.28
1791017819,my-rtb-redis-1,6.18
1791017819,my-rtb-kafka-1,9.87
1791017821,my-rtb-log-consumer-1,12.74
1791017821,my-rtb-bidder-1,39.76
1791017821,my-rtb-ad-manager-1,0.20
1791017821,my-rtb-schema-registry-1,0.75
1791017821,my-rtb-postgres-1,3.40
1791017821,my-rtb-redis-1,8.85
1791017821,my-rtb-kafka-1,14.78
1791017823,my-rtb-log-consumer-1,9.59
1791017823,my-rtb-bidder-1,52.70
1791017823,my-rtb-ad-manager-1,0.30
1791017823,my-rtb-schema-registry-1,0.83
1791017823,my-rtb-postgres-1,3.14
1791017823,my-rtb-redis-1,5.29
1791017823,my-rtb-kafka-1,12.98
1791017825,my-rtb-log-consumer-1,10.79
1791017825,my-rtb-bidder-1,53.05
1791017825,my-rtb-ad-manager-1,0.16
1791017825,my-rtb-schema-registry-1,0.44
1791017825,my-rtb-postgres-1,3.66
1791017825,my-rtb-redis-1,5.50
1791017825,my-rtb-kafka-1,14.50
1791017827,my-rtb-log-consumer-1,14.74
1791017827,my-rtb-bidder-1,54.49
1791017827,my-rtb-ad-manager-1,0.13
1791017827,my-rtb-schema-registry-1,0.55
1791017827,my-rtb-postgres-1,3.35
1791017827,my-rtb-redis-1,5.26
1791017827,my-rtb-kafka-1,11.37
1791017829,my-rtb-log-consumer-1,8.14
1791017829,my-rtb-bidder-1,38.84
1791017829,my-rtb-ad-manager-1,0.21
1791017829,my-rtb-schema-registry-1,1.30
1791017829,my-rtb-postgres-1,3.10
1791017829,my-rtb-redis-1,5.55
1791017829,my-rtb-kafka-1,10.14
1791017831,my-rtb-log-consumer-1,10.70
1791017831,my-rtb-bidder-1,49.73
1791017831,my-rtb-ad-manager-1,0.20
1791017831,my-rtb-schema-registry-1,0.58
1791017831,my-rtb-postgres-1,3.50
1791017831,my-rtb-redis-1,6.48
1791017831,my-rtb-kafka-1,11.12
1791017833,my-rtb-log-consumer-1,8.09
1791017833,my-rtb-bidder-1,53.30
1791017833,my-rtb-ad-manager-1,0.14
1791017833,my-rtb-schema-registry-1,1.23
1791017833,my-rtb-postgres-1,3.22
1791017833,my-rtb-redis-1,5.96
1791017833,my-rtb-kafka-1,11.10
1791017835,my-rtb-log-consumer-1,10.87
1791017835,my-rtb-bidder-1,56.39
1791017835,my-rtb-ad-manager-1,0.38
1791017835,my-rtb-schema-registry-1,0.57
1791017835,my-rtb-postgres-1,1.41
1791017835,my-rtb-redis-1,3.62
1791017835,my-rtb-kafka-1,5.28
1791017837,my-rtb-log-consumer-1,81.15
1791017837,my-rtb-bidder-1,159.29
1791017837,my-rtb-ad-manager-1,0.16
1791017837,my-rtb-schema-registry-1,0.61
1791017837,my-rtb-postgres-1,15.39
1791017837,my-rtb-redis-1,18.65
1791017837,my-rtb-kafka-1,33.66
1791017839,my-rtb-log-consumer-1,34.49
1791017839,my-rtb-bidder-1,98.61
1791017839,my-rtb-ad-manager-1,0.10
1791017839,my-rtb-schema-registry-1,0.33
1791017839,my-rtb-postgres-1,9.22
1791017839,my-rtb-redis-1,13.79
1791017839,my-rtb-kafka-1,24.18
1791017841,my-rtb-log-consumer-1,82.04
1791017841,my-rtb-bidder-1,153.11
1791017841,my-rtb-ad-manager-1,0.18
1791017841,my-rtb-schema-registry-1,0.90
1791017841,my-rtb-postgres-1,16.58
1791017841,my-rtb-redis-1,22.21
1791017841,my-rtb-kafka-1,28.57
1791017843,my-rtb-log-consumer-1,20.18
1791017843,my-rtb-bidder-1,81.06
1791017843,my-rtb-ad-manager-1,0.11
1791017843,my-rtb-schema-registry-1,0.24
1791017843,my-rtb-postgres-1,8.87
1791017843,my-rtb-redis-1,13.67
1791017843,my-rtb-kafka-1,24.42
1791017845,my-rtb-log-consumer-1,17.84
1791017845,my-rtb-bidder-1,67.64
1791017845,my-rtb-ad-manager-1,0.08
1791017845,my-rtb-schema-registry-1,0.23
1791017845,my-rtb-postgres-1,7.31
1791017845,my-rtb-redis-1,11.29
1791017845,my-rtb-kafka-1,20.80
1791017847,my-rtb-log-consumer-1,14.90
1791017847,my-rtb-bidder-1,63.77
1791017847,my-rtb-ad-manager-1,0.09
1791017847,my-rtb-schema-registry-1,0.40
1791017847,my-rtb-postgres-1,7.21
1791017847,my-rtb-redis-1,12.29
1791017847,my-rtb-kafka-1,20.70
1791017849,my-rtb-log-consumer-1,15.97
1791017849,my-rtb-bidder-1,81.72
1791017849,my-rtb-ad-manager-1,0.09
1791017849,my-rtb-schema-registry-1,0.46
1791017849,my-rtb-postgres-1,8.12
1791017849,my-rtb-redis-1,12.10
1791017849,my-rtb-kafka-1,25.17
1791017851,my-rtb-log-consumer-1,17.07
1791017851,my-rtb-bidder-1,71.01
1791017851,my-rtb-ad-manager-1,0.10
1791017851,my-rtb-schema-registry-1,0.37
1791017851,my-rtb-postgres-1,8.08
1791017851,my-rtb-redis-1,13.12
1791017851,my-rtb-kafka-1,25.25
1791017853,my-rtb-log-consumer-1,16.36
1791017853,my-rtb-bidder-1,70.99
1791017853,my-rtb-ad-manager-1,0.09
1791017853,my-rtb-schema-registry-1,0.41
1791017853,my-rtb-postgres-1,7.71
1791017853,my-rtb-redis-1,12.39
1791017853,my-rtb-kafka-1,23.37
1791017855,my-rtb-log-consumer-1,15.63
1791017855,my-rtb-bidder-1,66.26
1791017855,my-rtb-ad-manager-1,0.20
1791017855,my-rtb-schema-registry-1,3.99
1791017855,my-rtb-postgres-1,7.58
1791017855,my-rtb-redis-1,12.21
1791017855,my-rtb-kafka-1,21.86
1791017857,my-rtb-log-consumer-1,14.92
1791017857,my-rtb-bidder-1,66.97
1791017857,my-rtb-ad-manager-1,0.15
1791017857,my-rtb-schema-registry-1,0.25
1791017857,my-rtb-postgres-1,7.59
1791017857,my-rtb-redis-1,12.68
1791017857,my-rtb-kafka-1,22.49
1791017859,my-rtb-log-consumer-1,14.80
1791017859,my-rtb-bidder-1,64.20
1791017859,my-rtb-ad-manager-1,0.09
1791017859,my-rtb-schema-registry-1,0.58
1791017859,my-rtb-postgres-1,7.52
1791017859,my-rtb-redis-1,11.61
1791017859,my-rtb-kafka-1,21.71
1791017861,my-rtb-log-consumer-1,15.38
1791017861,my-rtb-bidder-1,70.97
1791017861,my-rtb-ad-manager-1,0.11
1791017861,my-rtb-schema-registry-1,0.58
1791017861,my-rtb-postgres-1,8.06
1791017861,my-rtb-redis-1,13.24
1791017861,my-rtb-kafka-1,22.44
1791017863,my-rtb-log-consumer-1,15.02
1791017863,my-rtb-bidder-1,71.20
1791017863,my-rtb-ad-manager-1,0.10
1791017863,my-rtb-schema-registry-1,0.69
1791017863,my-rtb-postgres-1,7.76
1791017863,my-rtb-redis-1,13.47
1791017863,my-rtb-kafka-1,22.95
1791017865,my-rtb-log-consumer-1,20.06
1791017865,my-rtb-bidder-1,85.84
1791017865,my-rtb-ad-manager-1,0.64
1791017865,my-rtb-schema-registry-1,0.48
1791017865,my-rtb-postgres-1,8.39
1791017865,my-rtb-redis-1,15.07
1791017865,my-rtb-kafka-1,22.12
1791017867,my-rtb-log-consumer-1,15.15
1791017867,my-rtb-bidder-1,68.29
1791017867,my-rtb-ad-manager-1,0.08
1791017867,my-rtb-schema-registry-1,0.44
1791017867,my-rtb-postgres-1,7.61
1791017867,my-rtb-redis-1,11.78
1791017867,my-rtb-kafka-1,23.78
1791017869,my-rtb-log-consumer-1,20.01
1791017869,my-rtb-bidder-1,81.23
1791017869,my-rtb-ad-manager-1,0.14
1791017869,my-rtb-schema-registry-1,0.31
1791017869,my-rtb-postgres-1,10.42
1791017869,my-rtb-redis-1,16.44
1791017869,my-rtb-kafka-1,30.39
1791017871,my-rtb-log-consumer-1,17.57
1791017871,my-rtb-bidder-1,73.27
1791017871,my-rtb-ad-manager-1,0.09
1791017871,my-rtb-schema-registry-1,1.06
1791017871,my-rtb-postgres-1,8.92
1791017871,my-rtb-redis-1,13.95
1791017871,my-rtb-kafka-1,28.76
1791017873,my-rtb-log-consumer-1,16.96
1791017873,my-rtb-bidder-1,75.31
1791017873,my-rtb-ad-manager-1,0.09
1791017873,my-rtb-schema-registry-1,0.47
1791017873,my-rtb-postgres-1,9.03
1791017873,my-rtb-redis-1,13.62
1791017873,my-rtb-kafka-1,31.93
1791017876,my-rtb-log-consumer-1,15.52
1791017876,my-rtb-bidder-1,74.34
1791017876,my-rtb-ad-manager-1,0.29
1791017876,my-rtb-schema-registry-1,0.30
1791017876,my-rtb-postgres-1,7.62
1791017876,my-rtb-redis-1,12.84
1791017876,my-rtb-kafka-1,23.51
1791017878,my-rtb-log-consumer-1,14.95
1791017878,my-rtb-bidder-1,68.40
1791017878,my-rtb-ad-manager-1,0.12
1791017878,my-rtb-schema-registry-1,0.27
1791017878,my-rtb-postgres-1,7.35
1791017878,my-rtb-redis-1,11.95
1791017878,my-rtb-kafka-1,22.41
1791017880,my-rtb-log-consumer-1,14.40
1791017880,my-rtb-bidder-1,62.55
1791017880,my-rtb-ad-manager-1,0.08
1791017880,my-rtb-schema-registry-1,0.26
1791017880,my-rtb-postgres-1,7.06
1791017880,my-rtb-redis-1,11.31
1791017880,my-rtb-kafka-1,21.60
1791017882,my-rtb-log-consumer-1,18.49
1791017882,my-rtb-bidder-1,84.81
1791017882,my-rtb-ad-manager-1,0.11
1791017882,my-rtb-schema-registry-1,0.27
1791017882,my-rtb-postgres-1,10.07
1791017882,my-rtb-redis-1,14.75
1791017882,my-rtb-kafka-1,25.66
1791017884,my-rtb-log-consumer-1,16.23
1791017884,my-rtb-bidder-1,75.41
1791017884,my-rtb-ad-manager-1,0.08
1791017884,my-rtb-schema-registry-1,0.55
1791017884,my-rtb-postgres-1,8.37
1791017884,my-rtb-redis-1,13.46
1791017884,my-rtb-kafka-1,25.12
1791017886,my-rtb-log-consumer-1,15.98
1791017886,my-rtb-bidder-1,73.66
1791017886,my-rtb-ad-manager-1,0.22
1791017886,my-rtb-schema-registry-1,0.41
1791017886,my-rtb-postgres-1,8.04
1791017886,my-rtb-redis-1,13.05
1791017886,my-rtb-kafka-1,30.07
1791017888,my-rtb-log-consumer-1,19.13
1791017888,my-rtb-bidder-1,93.57
1791017888,my-rtb-ad-manager-1,0.10
1791017888,my-rtb-schema-registry-1,0.27
1791017888,my-rtb-postgres-1,10.13
1791017888,my-rtb-redis-1,15.56
1791017888,my-rtb-kafka-1,26.81
1791017890,my-rtb-log-consumer-1,14.57
1791017890,my-rtb-bidder-1,75.68
1791017890,my-rtb-ad-manager-1,0.11
1791017890,my-rtb-schema-registry-1,0.30
1791017890,my-rtb-postgres-1,7.42
1791017890,my-rtb-redis-1,12.57
1791017890,my-rtb-kafka-1,21.13
1791017892,my-rtb-log-consumer-1,18.63
1791017892,my-rtb-bidder-1,101.18
1791017892,my-rtb-ad-manager-1,0.11
1791017892,my-rtb-schema-registry-1,0.64
1791017892,my-rtb-postgres-1,10.98
1791017892,my-rtb-redis-1,16.23
1791017892,my-rtb-kafka-1,34.11
1791017894,my-rtb-log-consumer-1,19.20
1791017894,my-rtb-bidder-1,91.30
1791017894,my-rtb-ad-manager-1,0.10
1791017894,my-rtb-schema-registry-1,0.29
1791017894,my-rtb-postgres-1,10.94
1791017894,my-rtb-redis-1,15.89
1791017894,my-rtb-kafka-1,42.28
1791017896,my-rtb-log-consumer-1,11.11
1791017896,my-rtb-bidder-1,95.98
1791017896,my-rtb-ad-manager-1,0.18
1791017896,my-rtb-schema-registry-1,0.49
1791017896,my-rtb-postgres-1,6.17
1791017896,my-rtb-redis-1,13.00
1791017896,my-rtb-kafka-1,16.31
1791017898,my-rtb-log-consumer-1,23.09
1791017898,my-rtb-bidder-1,125.35
1791017898,my-rtb-ad-manager-1,0.13
1791017898,my-rtb-schema-registry-1,0.53
1791017898,my-rtb-postgres-1,13.19
1791017898,my-rtb-redis-1,20.29
1791017898,my-rtb-kafka-1,34.58
1791017900,my-rtb-log-consumer-1,29.47
1791017900,my-rtb-bidder-1,175.65
1791017900,my-rtb-ad-manager-1,0.23
1791017900,my-rtb-schema-registry-1,0.52
1791017900,my-rtb-postgres-1,20.52
1791017900,my-rtb-redis-1,29.45
1791017900,my-rtb-kafka-1,43.27
1791017902,my-rtb-log-consumer-1,32.01
1791017902,my-rtb-bidder-1,130.61
1791017902,my-rtb-ad-manager-1,0.14
1791017902,my-rtb-schema-registry-1,0.36
1791017902,my-rtb-postgres-1,14.46
1791017902,my-rtb-redis-1,22.40
1791017902,my-rtb-kafka-1,36.68
1791017904,my-rtb-log-consumer-1,24.73
1791017904,my-rtb-bidder-1,170.38
1791017904,my-rtb-ad-manager-1,0.16
1791017904,my-rtb-schema-registry-1,0.57
1791017904,my-rtb-postgres-1,16.92
1791017904,my-rtb-redis-1,24.75
1791017904,my-rtb-kafka-1,30.37
1791017906,my-rtb-log-consumer-1,23.46
1791017906,my-rtb-bidder-1,166.42
1791017906,my-rtb-ad-manager-1,0.44
1791017906,my-rtb-schema-registry-1,0.39
1791017906,my-rtb-postgres-1,15.29
1791017906,my-rtb-redis-1,23.94
1791017906,my-rtb-kafka-1,33.36
1791017908,my-rtb-log-consumer-1,18.13
1791017908,my-rtb-bidder-1,98.78
1791017908,my-rtb-ad-manager-1,0.10
1791017908,my-rtb-schema-registry-1,0.24
1791017908,my-rtb-postgres-1,9.91
1791017908,my-rtb-redis-1,16.32
1791017908,my-rtb-kafka-1,25.86
1791017910,my-rtb-log-consumer-1,22.00
1791017910,my-rtb-bidder-1,196.77
1791017910,my-rtb-ad-manager-1,0.35
1791017910,my-rtb-schema-registry-1,0.75
1791017910,my-rtb-postgres-1,17.33
1791017910,my-rtb-redis-1,26.06
1791017910,my-rtb-kafka-1,22.85
1791017912,my-rtb-log-consumer-1,15.30
1791017912,my-rtb-bidder-1,209.28
1791017912,my-rtb-ad-manager-1,4.14
1791017912,my-rtb-schema-registry-1,3.68
1791017912,my-rtb-postgres-1,27.91
1791017912,my-rtb-redis-1,25.54
1791017912,my-rtb-kafka-1,18.88
1791017914,my-rtb-log-consumer-1,10.14
1791017914,my-rtb-bidder-1,209.70
1791017914,my-rtb-ad-manager-1,0.37
1791017914,my-rtb-schema-registry-1,5.36
1791017914,my-rtb-postgres-1,5.14
1791017914,my-rtb-redis-1,17.19
1791017914,my-rtb-kafka-1,8.44
1791017917,my-rtb-log-consumer-1,17.48
1791017917,my-rtb-bidder-1,211.41
1791017917,my-rtb-ad-manager-1,0.73
1791017917,my-rtb-schema-registry-1,0.97
1791017917,my-rtb-postgres-1,15.67
1791017917,my-rtb-redis-1,19.81
1791017917,my-rtb-kafka-1,8.93
1791017919,my-rtb-log-consumer-1,27.08
1791017919,my-rtb-bidder-1,219.30
1791017919,my-rtb-ad-manager-1,0.34
1791017919,my-rtb-schema-registry-1,1.63
1791017919,my-rtb-postgres-1,20.55
1791017919,my-rtb-redis-1,29.15
1791017919,my-rtb-kafka-1,9.76
1791017921,my-rtb-log-consumer-1,27.21
1791017921,my-rtb-bidder-1,204.31
1791017921,my-rtb-ad-manager-1,0.23
1791017921,my-rtb-schema-registry-1,0.68
1791017921,my-rtb-postgres-1,22.36
1791017921,my-rtb-redis-1,23.32
1791017921,my-rtb-kafka-1,10.20
1791017923,my-rtb-log-consumer-1,21.79
1791017923,my-rtb-bidder-1,212.13
1791017923,my-rtb-ad-manager-1,1.00
1791017923,my-rtb-schema-registry-1,16.77
1791017923,my-rtb-postgres-1,16.81
1791017923,my-rtb-redis-1,31.89
1791017923,my-rtb-kafka-1,14.22
1791017925,my-rtb-log-consumer-1,17.89
1791017925,my-rtb-bidder-1,202.61
1791017925,my-rtb-ad-manager-1,0.19
1791017925,my-rtb-schema-registry-1,0.46
1791017925,my-rtb-postgres-1,14.77
1791017925,my-rtb-redis-1,21.27
1791017925,my-rtb-kafka-1,14.41
1791017927,my-rtb-log-consumer-1,30.12
1791017927,my-rtb-bidder-1,191.80
1791017927,my-rtb-ad-manager-1,0.39
1791017927,my-rtb-schema-registry-1,1.55
1791017927,my-rtb-postgres-1,26.95
1791017927,my-rtb-redis-1,28.64
1791017927,my-rtb-kafka-1,12.79
1791017929,my-rtb-log-consumer-1,17.95
1791017929,my-rtb-bidder-1,195.85
1791017929,my-rtb-ad-manager-1,0.56
1791017929,my-rtb-schema-registry-1,0.70
1791017929,my-rtb-postgres-1,16.53
1791017929,my-rtb-redis-1,25.00
1791017929,my-rtb-kafka-1,10.58
1791017931,my-rtb-log-consumer-1,22.06
1791017931,my-rtb-bidder-1,206.44
1791017931,my-rtb-ad-manager-1,2.28
1791017931,my-rtb-schema-registry-1,1.72
1791017931,my-rtb-postgres-1,13.19
1791017931,my-rtb-redis-1,31.13
1791017931,my-rtb-kafka-1,13.09
1791017933,my-rtb-log-consumer-1,19.01
1791017933,my-rtb-bidder-1,185.56
1791017933,my-rtb-ad-manager-1,0.22
1791017933,my-rtb-schema-registry-1,2.03
1791017933,my-rtb-postgres-1,16.66
1791017933,my-rtb-redis-1,22.93
1791017933,my-rtb-kafka-1,21.84
1791017935,my-rtb-log-consumer-1,27.79
1791017935,my-rtb-bidder-1,194.45
1791017935,my-rtb-ad-manager-1,0.52
1791017935,my-rtb-schema-registry-1,0.35
1791017935,my-rtb-postgres-1,27.70
1791017935,my-rtb-redis-1,28.46
1791017935,my-rtb-kafka-1,12.49
1791017937,my-rtb-log-consumer-1,40.31
1791017937,my-rtb-bidder-1,161.00
1791017937,my-rtb-ad-manager-1,0.34
1791017937,my-rtb-schema-registry-1,0.55
1791017937,my-rtb-postgres-1,19.09
1791017937,my-rtb-redis-1,30.29
1791017937,my-rtb-kafka-1,46.76
1791017939,my-rtb-log-consumer-1,32.36
1791017939,my-rtb-bidder-1,163.77
1791017939,my-rtb-ad-manager-1,0.20
1791017939,my-rtb-schema-registry-1,0.35
1791017939,my-rtb-postgres-1,20.56
1791017939,my-rtb-redis-1,29.28
1791017939,my-rtb-kafka-1,39.08
1791017941,my-rtb-log-consumer-1,21.43
1791017941,my-rtb-bidder-1,188.31
1791017941,my-rtb-ad-manager-1,0.21
1791017941,my-rtb-schema-registry-1,0.43
1791017941,my-rtb-postgres-1,21.44
1791017941,my-rtb-redis-1,30.10
1791017941,my-rtb-kafka-1,11.82
1791017944,my-rtb-log-consumer-1,28.75
1791017944,my-rtb-bidder-1,185.63
1791017944,my-rtb-ad-manager-1,0.27
1791017944,my-rtb-schema-registry-1,5.42
1791017944,my-rtb-postgres-1,21.90
1791017944,my-rtb-redis-1,71.34
1791017944,my-rtb-kafka-1,29.10
1791017946,my-rtb-log-consumer-1,31.99
1791017946,my-rtb-bidder-1,179.02
1791017946,my-rtb-ad-manager-1,0.31
1791017946,my-rtb-schema-registry-1,0.39
1791017946,my-rtb-postgres-1,23.53
1791017946,my-rtb-redis-1,32.06
1791017946,my-rtb-kafka-1,37.22
1791017948,my-rtb-log-consumer-1,43.81
1791017948,my-rtb-bidder-1,146.25
1791017948,my-rtb-ad-manager-1,0.35
1791017948,my-rtb-schema-registry-1,0.36
1791017948,my-rtb-postgres-1,17.87
1791017948,my-rtb-redis-1,27.92
1791017948,my-rtb-kafka-1,39.87
1791017950,my-rtb-log-consumer-1,28.08
1791017950,my-rtb-bidder-1,141.28
1791017950,my-rtb-ad-manager-1,0.18
1791017950,my-rtb-schema-registry-1,3.27
1791017950,my-rtb-postgres-1,16.07
1791017950,my-rtb-redis-1,27.58
1791017950,my-rtb-kafka-1,42.13
1791017952,my-rtb-log-consumer-1,32.50
1791017952,my-rtb-bidder-1,177.10
1791017952,my-rtb-ad-manager-1,0.17
1791017952,my-rtb-schema-registry-1,0.37
1791017952,my-rtb-postgres-1,21.62
1791017952,my-rtb-redis-1,32.00
1791017952,my-rtb-kafka-1,34.51
1791017954,my-rtb-log-consumer-1,31.96
1791017954,my-rtb-bidder-1,178.05
1791017954,my-rtb-ad-manager-1,0.46
1791017954,my-rtb-schema-registry-1,0.48
1791017954,my-rtb-postgres-1,23.28
1791017954,my-rtb-redis-1,33.22
1791017954,my-rtb-kafka-1,35.66
1791017956,my-rtb-log-consumer-1,21.08
1791017956,my-rtb-bidder-1,181.95
1791017956,my-rtb-ad-manager-1,0.71
1791017956,my-rtb-schema-registry-1,0.50
1791017956,my-rtb-postgres-1,19.91
1791017956,my-rtb-redis-1,29.11
1791017956,my-rtb-kafka-1,11.08
1791017958,my-rtb-log-consumer-1,14.92
1791017958,my-rtb-bidder-1,119.69
1791017958,my-rtb-ad-manager-1,0.22
1791017958,my-rtb-schema-registry-1,1.22
1791017958,my-rtb-postgres-1,11.22
1791017958,my-rtb-redis-1,11.49
1791017958,my-rtb-kafka-1,7.07
1791017960,my-rtb-log-consumer-1,30.01
1791017960,my-rtb-bidder-1,186.84
1791017960,my-rtb-ad-manager-1,0.46
1791017960,my-rtb-schema-registry-1,1.47
1791017960,my-rtb-postgres-1,29.08
1791017960,my-rtb-redis-1,36.17
1791017960,my-rtb-kafka-1,12.79
1791017962,my-rtb-log-consumer-1,15.83
1791017962,my-rtb-bidder-1,193.28
1791017962,my-rtb-ad-manager-1,0.66
1791017962,my-rtb-schema-registry-1,0.76
1791017962,my-rtb-postgres-1,11.63
1791017962,my-rtb-redis-1,24.32
1791017962,my-rtb-kafka-1,10.86
1791017964,my-rtb-log-consumer-1,22.48
1791017964,my-rtb-bidder-1,202.59
1791017964,my-rtb-ad-manager-1,0.22
1791017964,my-rtb-schema-registry-1,0.58
1791017964,my-rtb-postgres-1,17.67
1791017964,my-rtb-redis-1,28.67
1791017964,my-rtb-kafka-1,13.02
1791017966,my-rtb-log-consumer-1,24.71
1791017966,my-rtb-bidder-1,179.00
1791017966,my-rtb-ad-manager-1,0.63
1791017966,my-rtb-schema-registry-1,0.34
1791017966,my-rtb-postgres-1,24.38
1791017966,my-rtb-redis-1,25.07
1791017966,my-rtb-kafka-1,21.23
1791017968,my-rtb-log-consumer-1,27.13
1791017968,my-rtb-bidder-1,170.94
1791017968,my-rtb-ad-manager-1,0.24
1791017968,my-rtb-schema-registry-1,0.33
1791017968,my-rtb-postgres-1,18.11
1791017968,my-rtb-redis-1,30.32
1791017968,my-rtb-kafka-1,40.46
1791017970,my-rtb-log-consumer-1,25.57
1791017970,my-rtb-bidder-1,190.90
1791017970,my-rtb-ad-manager-1,0.17
1791017970,my-rtb-schema-registry-1,0.78
1791017970,my-rtb-postgres-1,24.56
1791017970,my-rtb-redis-1,26.40
1791017970,my-rtb-kafka-1,15.84
1791017972,my-rtb-log-consumer-1,30.54
1791017972,my-rtb-bidder-1,186.99
1791017972,my-rtb-ad-manager-1,0.22
1791017972,my-rtb-schema-registry-1,0.50
1791017972,my-rtb-postgres-1,39.51
1791017972,my-rtb-redis-1,33.98
1791017972,my-rtb-kafka-1,40.95
1791017974,my-rtb-log-consumer-1,30.45
1791017974,my-rtb-bidder-1,158.09
1791017974,my-rtb-ad-manager-1,0.15
1791017974,my-rtb-schema-registry-1,0.38
1791017974,my-rtb-postgres-1,18.06
1791017974,my-rtb-redis-1,31.26
1791017974,my-rtb-kafka-1,42.22
1791017976,my-rtb-log-consumer-1,27.00
1791017976,my-rtb-bidder-1,178.23
1791017976,my-rtb-ad-manager-1,0.27
1791017976,my-rtb-schema-registry-1,0.58
1791017976,my-rtb-postgres-1,18.28
1791017976,my-rtb-redis-1,30.57
1791017976,my-rtb-kafka-1,30.17
1791017978,my-rtb-log-consumer-1,31.40
1791017978,my-rtb-bidder-1,185.13
1791017978,my-rtb-ad-manager-1,0.19
1791017978,my-rtb-schema-registry-1,0.93
1791017978,my-rtb-postgres-1,23.13
1791017978,my-rtb-redis-1,32.84
1791017978,my-rtb-kafka-1,31.72
1791017980,my-rtb-log-consumer-1,34.62
1791017980,my-rtb-bidder-1,181.86
1791017980,my-rtb-ad-manager-1,0.17
1791017980,my-rtb-schema-registry-1,0.35
1791017980,my-rtb-postgres-1,22.15
1791017980,my-rtb-redis-1,32.93
1791017980,my-rtb-kafka-1,48.22
1791017982,my-rtb-log-consumer-1,15.10
1791017982,my-rtb-bidder-1,209.50
1791017982,my-rtb-ad-manager-1,0.27
1791017982,my-rtb-schema-registry-1,0.86
1791017982,my-rtb-postgres-1,13.54
1791017982,my-rtb-redis-1,27.93
1791017982,my-rtb-kafka-1,8.34
1791017984,my-rtb-log-consumer-1,25.75
1791017984,my-rtb-bidder-1,193.33
1791017984,my-rtb-ad-manager-1,0.14
1791017984,my-rtb-schema-registry-1,0.35
1791017984,my-rtb-postgres-1,19.79
1791017984,my-rtb-redis-1,29.27
1791017984,my-rtb-kafka-1,29.90
1791017986,my-rtb-log-consumer-1,25.01
1791017986,my-rtb-bidder-1,187.80
1791017986,my-rtb-ad-manager-1,0.59
1791017986,my-rtb-schema-registry-1,0.59
1791017986,my-rtb-postgres-1,23.81
1791017986,my-rtb-redis-1,30.77
1791017986,my-rtb-kafka-1,15.05
1791017988,my-rtb-log-consumer-1,24.14
1791017988,my-rtb-bidder-1,203.86
1791017988,my-rtb-ad-manager-1,0.20
1791017988,my-rtb-schema-registry-1,0.50
1791017988,my-rtb-postgres-1,23.89
1791017988,my-rtb-redis-1,28.71
1791017988,my-rtb-kafka-1,12.57
1791017990,my-rtb-log-consumer-1,31.57
1791017990,my-rtb-bidder-1,194.58
1791017990,my-rtb-ad-manager-1,0.16
1791017990,my-rtb-schema-registry-1,0.30
1791017990,my-rtb-postgres-1,25.22
1791017990,my-rtb-redis-1,32.79
1791017990,my-rtb-kafka-1,34.37
1791017992,my-rtb-log-consumer-1,17.46
1791017992,my-rtb-bidder-1,189.20
1791017992,my-rtb-ad-manager-1,0.16
1791017992,my-rtb-schema-registry-1,6.05
1791017992,my-rtb-postgres-1,18.87
1791017992,my-rtb-redis-1,26.07
1791017992,my-rtb-kafka-1,10.13
1791017994,my-rtb-log-consumer-1,27.66
1791017994,my-rtb-bidder-1,185.14
1791017994,my-rtb-ad-manager-1,0.23
1791017994,my-rtb-schema-registry-1,0.66
1791017994,my-rtb-postgres-1,21.06
1791017994,my-rtb-redis-1,32.44
1791017994,my-rtb-kafka-1,25.71
1791017996,my-rtb-log-consumer-1,13.80
1791017996,my-rtb-bidder-1,198.85
1791017996,my-rtb-ad-manager-1,0.38
1791017996,my-rtb-schema-registry-1,0.73
1791017996,my-rtb-postgres-1,10.81
1791017996,my-rtb-redis-1,33.89
1791017996,my-rtb-kafka-1,10.43
1791017998,my-rtb-log-consumer-1,32.09
1791017998,my-rtb-bidder-1,191.05
1791017998,my-rtb-ad-manager-1,0.16
1791017998,my-rtb-schema-registry-1,0.32
1791017998,my-rtb-postgres-1,26.57
1791017998,my-rtb-redis-1,31.79
1791017998,my-rtb-kafka-1,30.15
1791018000,my-rtb-log-consumer-1,30.50
1791018000,my-rtb-bidder-1,188.09
1791018000,my-rtb-ad-manager-1,0.20
1791018000,my-rtb-schema-registry-1,0.45
1791018000,my-rtb-postgres-1,22.57
1791018000,my-rtb-redis-1,32.48
1791018000,my-rtb-kafka-1,40.89
1791018002,my-rtb-log-consumer-1,30.59
1791018002,my-rtb-bidder-1,185.69
1791018002,my-rtb-ad-manager-1,0.16
1791018002,my-rtb-schema-registry-1,0.35
1791018002,my-rtb-postgres-1,22.01
1791018002,my-rtb-redis-1,33.23
1791018002,my-rtb-kafka-1,38.63
1791018004,my-rtb-log-consumer-1,29.52
1791018004,my-rtb-bidder-1,185.37
1791018004,my-rtb-ad-manager-1,0.24
1791018004,my-rtb-schema-registry-1,1.21
1791018004,my-rtb-postgres-1,22.67
1791018004,my-rtb-redis-1,65.23
1791018004,my-rtb-kafka-1,32.16
1791018006,my-rtb-log-consumer-1,21.69
1791018006,my-rtb-bidder-1,196.67
1791018006,my-rtb-ad-manager-1,1.10
1791018006,my-rtb-schema-registry-1,1.91
1791018006,my-rtb-postgres-1,21.15
1791018006,my-rtb-redis-1,33.18
1791018006,my-rtb-kafka-1,19.18
1791018008,my-rtb-log-consumer-1,31.67
1791018008,my-rtb-bidder-1,200.62
1791018008,my-rtb-ad-manager-1,0.15
1791018008,my-rtb-schema-registry-1,0.59
1791018008,my-rtb-postgres-1,29.66
1791018008,my-rtb-redis-1,28.93
1791018008,my-rtb-kafka-1,12.79
1791018011,my-rtb-log-consumer-1,29.85
1791018011,my-rtb-bidder-1,194.69
1791018011,my-rtb-ad-manager-1,0.12
1791018011,my-rtb-schema-registry-1,0.29
1791018011,my-rtb-postgres-1,20.89
1791018011,my-rtb-redis-1,29.84
1791018011,my-rtb-kafka-1,35.04
1791018013,my-rtb-log-consumer-1,30.75
1791018013,my-rtb-bidder-1,157.83
1791018013,my-rtb-ad-manager-1,0.14
1791018013,my-rtb-schema-registry-1,0.32
1791018013,my-rtb-postgres-1,21.23
1791018013,my-rtb-redis-1,30.14
1791018013,my-rtb-kafka-1,39.26
1791018015,my-rtb-log-consumer-1,27.11
1791018015,my-rtb-bidder-1,178.41
1791018015,my-rtb-ad-manager-1,0.13
1791018015,my-rtb-schema-registry-1,0.28
1791018015,my-rtb-postgres-1,20.14
1791018015,my-rtb-redis-1,29.24
1791018015,my-rtb-kafka-1,30.97
1791018017,my-rtb-log-consumer-1,29.87
1791018017,my-rtb-bidder-1,160.97
1791018017,my-rtb-ad-manager-1,0.13
1791018017,my-rtb-schema-registry-1,0.51
1791018017,my-rtb-postgres-1,18.00
1791018017,my-rtb-redis-1,30.04
1791018017,my-rtb-kafka-1,41.49
1791018019,my-rtb-log-consumer-1,11.75
1791018019,my-rtb-bidder-1,135.47
1791018019,my-rtb-ad-manager-1,0.14
1791018019,my-rtb-schema-registry-1,0.43
1791018019,my-rtb-postgres-1,7.94
1791018019,my-rtb-redis-1,16.48
1791018019,my-rtb-kafka-1,30.46
1791018021,my-rtb-log-consumer-1,27.38
1791018021,my-rtb-bidder-1,208.55
1791018021,my-rtb-ad-manager-1,0.50
1791018021,my-rtb-schema-registry-1,0.91
1791018021,my-rtb-postgres-1,21.93
1791018021,my-rtb-redis-1,37.56
1791018021,my-rtb-kafka-1,14.96
1791018023,my-rtb-log-consumer-1,10.84
1791018023,my-rtb-bidder-1,197.20
1791018023,my-rtb-ad-manager-1,0.28
1791018023,my-rtb-schema-registry-1,0.55
1791018023,my-rtb-postgres-1,9.57
1791018023,my-rtb-redis-1,28.09
1791018023,my-rtb-kafka-1,5.71
1791018025,my-rtb-log-consumer-1,15.87
1791018025,my-rtb-bidder-1,210.79
1791018025,my-rtb-ad-manager-1,0.42
1791018025,my-rtb-schema-registry-1,0.69
1791018025,my-rtb-postgres-1,12.58
1791018025,my-rtb-redis-1,23.01
1791018025,my-rtb-kafka-1,9.10
1791018028,my-rtb-log-consumer-1,23.68
1791018028,my-rtb-bidder-1,207.16
1791018028,my-rtb-ad-manager-1,0.31
1791018028,my-rtb-schema-registry-1,0.87
1791018028,my-rtb-postgres-1,21.33
1791018028,my-rtb-redis-1,25.68
1791018028,my-rtb-kafka-1,13.76
1791018030,my-rtb-log-consumer-1,12.16
1791018030,my-rtb-bidder-1,202.25
1791018030,my-rtb-ad-manager-1,0.29
1791018030,my-rtb-schema-registry-1,0.95
1791018030,my-rtb-postgres-1,7.44
1791018030,my-rtb-redis-1,11.30
1791018030,my-rtb-kafka-1,7.70
1791018032,my-rtb-log-consumer-1,14.13
1791018032,my-rtb-bidder-1,196.90
1791018032,my-rtb-ad-manager-1,0.27
1791018032,my-rtb-schema-registry-1,0.51
1791018032,my-rtb-postgres-1,47.67
1791018032,my-rtb-redis-1,22.07
1791018032,my-rtb-kafka-1,6.78
1791018034,my-rtb-log-consumer-1,25.78
1791018034,my-rtb-bidder-1,208.75
1791018034,my-rtb-ad-manager-1,0.23
1791018034,my-rtb-schema-registry-1,0.50
1791018034,my-rtb-postgres-1,24.27
1791018034,my-rtb-redis-1,23.90
1791018034,my-rtb-kafka-1,9.99
1791018036,my-rtb-log-consumer-1,19.62
1791018036,my-rtb-bidder-1,213.56
1791018036,my-rtb-ad-manager-1,0.96
1791018036,my-rtb-schema-registry-1,0.79
1791018036,my-rtb-postgres-1,8.89
1791018036,my-rtb-redis-1,21.33
1791018036,my-rtb-kafka-1,10.80
1791018038,my-rtb-log-consumer-1,19.41
1791018038,my-rtb-bidder-1,191.96
1791018038,my-rtb-ad-manager-1,0.20
1791018038,my-rtb-schema-registry-1,0.39
1791018038,my-rtb-postgres-1,18.35
1791018038,my-rtb-redis-1,22.78
1791018038,my-rtb-kafka-1,5.57
1791018040,my-rtb-log-consumer-1,20.01
1791018040,my-rtb-bidder-1,204.05
1791018040,my-rtb-ad-manager-1,0.25
1791018040,my-rtb-schema-registry-1,0.50
1791018040,my-rtb-postgres-1,17.23
1791018040,my-rtb-redis-1,19.73
1791018040,my-rtb-kafka-1,11.61
1791018042,my-rtb-log-consumer-1,18.99
1791018042,my-rtb-bidder-1,210.64
1791018042,my-rtb-ad-manager-1,0.64
1791018042,my-rtb-schema-registry-1,0.91
1791018042,my-rtb-postgres-1,15.35
1791018042,my-rtb-redis-1,23.25
1791018042,my-rtb-kafka-1,9.30
1791018044,my-rtb-log-consumer-1,21.05
1791018044,my-rtb-bidder-1,203.82
1791018044,my-rtb-ad-manager-1,0.19
1791018044,my-rtb-schema-registry-1,0.35
1791018044,my-rtb-postgres-1,19.93
1791018044,my-rtb-redis-1,23.79
1791018044,my-rtb-kafka-1,9.19
1791018046,my-rtb-log-consumer-1,16.14
1791018046,my-rtb-bidder-1,202.90
1791018046,my-rtb-ad-manager-1,0.21
1791018046,my-rtb-schema-registry-1,0.44
1791018046,my-rtb-postgres-1,14.48
1791018046,my-rtb-redis-1,25.08
1791018046,my-rtb-kafka-1,7.34
1791018049,my-rtb-log-consumer-1,22.50
1791018049,my-rtb-bidder-1,199.50
1791018049,my-rtb-ad-manager-1,0.14
1791018049,my-rtb-schema-registry-1,0.41
1791018049,my-rtb-postgres-1,20.59
1791018049,my-rtb-redis-1,19.19
1791018049,my-rtb-kafka-1,10.23
1791018051,my-rtb-log-consumer-1,16.86
1791018051,my-rtb-bidder-1,206.53
1791018051,my-rtb-ad-manager-1,0.13
1791018051,my-rtb-schema-registry-1,0.39
1791018051,my-rtb-postgres-1,14.12
1791018051,my-rtb-redis-1,22.45
1791018051,my-rtb-kafka-1,8.50
1791018053,my-rtb-log-consumer-1,23.60
1791018053,my-rtb-bidder-1,188.05
1791018053,my-rtb-ad-manager-1,0.22
1791018053,my-rtb-schema-registry-1,0.49
1791018053,my-rtb-postgres-1,20.12
1791018053,my-rtb-redis-1,26.29
1791018053,my-rtb-kafka-1,10.61
1791018055,my-rtb-log-consumer-1,18.03
1791018055,my-rtb-bidder-1,192.14
1791018055,my-rtb-ad-manager-1,0.16
1791018055,my-rtb-schema-registry-1,0.44
1791018055,my-rtb-postgres-1,15.71
1791018055,my-rtb-redis-1,19.10
1791018055,my-rtb-kafka-1,8.99
1791018057,my-rtb-log-consumer-1,22.13
1791018057,my-rtb-bidder-1,191.34
1791018057,my-rtb-ad-manager-1,0.24
1791018057,my-rtb-schema-registry-1,2.73
1791018057,my-rtb-postgres-1,19.48
1791018057,my-rtb-redis-1,27.43
1791018057,my-rtb-kafka-1,8.07
1791018059,my-rtb-log-consumer-1,18.71
1791018059,my-rtb-bidder-1,194.39
1791018059,my-rtb-ad-manager-1,0.22
1791018059,my-rtb-schema-registry-1,0.62
1791018059,my-rtb-postgres-1,18.23
1791018059,my-rtb-redis-1,24.93
1791018059,my-rtb-kafka-1,11.34
1791018061,my-rtb-log-consumer-1,18.71
1791018061,my-rtb-bidder-1,211.42
1791018061,my-rtb-ad-manager-1,0.20
1791018061,my-rtb-schema-registry-1,0.47
1791018061,my-rtb-postgres-1,18.19
1791018061,my-rtb-redis-1,25.42
1791018061,my-rtb-kafka-1,13.06
1791018063,my-rtb-log-consumer-1,36.04
1791018063,my-rtb-bidder-1,195.62
1791018063,my-rtb-ad-manager-1,0.22
1791018063,my-rtb-schema-registry-1,0.68
1791018063,my-rtb-postgres-1,26.64
1791018063,my-rtb-redis-1,25.39
1791018063,my-rtb-kafka-1,31.77
1791018065,my-rtb-log-consumer-1,26.90
1791018065,my-rtb-bidder-1,196.57
1791018065,my-rtb-ad-manager-1,0.16
1791018065,my-rtb-schema-registry-1,0.36
1791018065,my-rtb-postgres-1,26.73
1791018065,my-rtb-redis-1,25.57
1791018065,my-rtb-kafka-1,11.53
1791018067,my-rtb-log-consumer-1,28.07
1791018067,my-rtb-bidder-1,177.58
1791018067,my-rtb-ad-manager-1,0.35
1791018067,my-rtb-schema-registry-1,0.40
1791018067,my-rtb-postgres-1,27.57
1791018067,my-rtb-redis-1,36.32
1791018067,my-rtb-kafka-1,21.20
1791018069,my-rtb-log-consumer-1,64.21
1791018069,my-rtb-bidder-1,135.87
1791018069,my-rtb-ad-manager-1,0.14
1791018069,my-rtb-schema-registry-1,1.21
1791018069,my-rtb-postgres-1,18.05
1791018069,my-rtb-redis-1,28.58
1791018069,my-rtb-kafka-1,38.38
1791018071,my-rtb-log-consumer-1,27.07
1791018071,my-rtb-bidder-1,141.06
1791018071,my-rtb-ad-manager-1,0.14
1791018071,my-rtb-schema-registry-1,0.50
1791018071,my-rtb-postgres-1,16.56
1791018071,my-rtb-redis-1,27.03
1791018071,my-rtb-kafka-1,38.14
1791018073,my-rtb-log-consumer-1,29.48
1791018073,my-rtb-bidder-1,132.08
1791018073,my-rtb-ad-manager-1,0.12
1791018073,my-rtb-schema-registry-1,0.29
1791018073,my-rtb-postgres-1,16.25
1791018073,my-rtb-redis-1,26.66
1791018073,my-rtb-kafka-1,38.74
1791018075,my-rtb-log-consumer-1,27.27
1791018075,my-rtb-bidder-1,118.45
1791018075,my-rtb-ad-manager-1,0.12
1791018075,my-rtb-schema-registry-1,0.34
1791018075,my-rtb-postgres-1,14.87
1791018075,my-rtb-redis-1,24.28
1791018075,my-rtb-kafka-1,41.41
1791018077,my-rtb-log-consumer-1,25.76
1791018077,my-rtb-bidder-1,132.61
1791018077,my-rtb-ad-manager-1,0.14
1791018077,my-rtb-schema-registry-1,0.43
1791018077,my-rtb-postgres-1,14.01
1791018077,my-rtb-redis-1,22.22
1791018077,my-rtb-kafka-1,36.41
1791018079,my-rtb-log-consumer-1,8.29
1791018079,my-rtb-bidder-1,118.89
1791018079,my-rtb-ad-manager-1,0.11
1791018079,my-rtb-schema-registry-1,0.43
1791018079,my-rtb-postgres-1,3.65
1791018079,my-rtb-redis-1,7.57
1791018079,my-rtb-kafka-1,7.84
1791018081,my-rtb-log-consumer-1,29.11
1791018081,my-rtb-bidder-1,154.32
1791018081,my-rtb-ad-manager-1,0.15
1791018081,my-rtb-schema-registry-1,0.44
1791018081,my-rtb-postgres-1,18.95
1791018081,my-rtb-redis-1,28.74
1791018081,my-rtb-kafka-1,38.83
1791018083,my-rtb-log-consumer-1,28.55
1791018083,my-rtb-bidder-1,160.87
1791018083,my-rtb-ad-manager-1,0.20
1791018083,my-rtb-schema-registry-1,0.47
1791018083,my-rtb-postgres-1,19.57
1791018083,my-rtb-redis-1,30.71
1791018083,my-rtb-kafka-1,41.16
1791018085,my-rtb-log-consumer-1,29.52
1791018085,my-rtb-bidder-1,142.97
1791018085,my-rtb-ad-manager-1,0.13
1791018085,my-rtb-schema-registry-1,0.30
1791018085,my-rtb-postgres-1,16.07
1791018085,my-rtb-redis-1,27.22
1791018085,my-rtb-kafka-1,42.24
1791018087,my-rtb-log-consumer-1,24.48
1791018087,my-rtb-bidder-1,113.33
1791018087,my-rtb-ad-manager-1,0.11
1791018087,my-rtb-schema-registry-1,0.57
1791018087,my-rtb-postgres-1,13.12
1791018087,my-rtb-redis-1,21.74
1791018087,my-rtb-kafka-1,35.48
1791018089,my-rtb-log-consumer-1,23.03
1791018089,my-rtb-bidder-1,114.71
1791018089,my-rtb-ad-manager-1,0.11
1791018089,my-rtb-schema-registry-1,0.32
1791018089,my-rtb-postgres-1,12.49
1791018089,my-rtb-redis-1,20.17
1791018089,my-rtb-kafka-1,32.40
1791018091,my-rtb-log-consumer-1,25.03
1791018091,my-rtb-bidder-1,118.91
1791018091,my-rtb-ad-manager-1,0.13
1791018091,my-rtb-schema-registry-1,0.35
1791018091,my-rtb-postgres-1,14.76
1791018091,my-rtb-redis-1,22.86
1791018091,my-rtb-kafka-1,35.03
1791018093,my-rtb-log-consumer-1,28.32
1791018093,my-rtb-bidder-1,150.72
1791018093,my-rtb-ad-manager-1,0.14
1791018093,my-rtb-schema-registry-1,0.42
1791018093,my-rtb-postgres-1,17.28
1791018093,my-rtb-redis-1,28.36
1791018093,my-rtb-kafka-1,39.08
1791018095,my-rtb-log-consumer-1,28.44
1791018095,my-rtb-bidder-1,149.03
1791018095,my-rtb-ad-manager-1,0.15
1791018095,my-rtb-schema-registry-1,0.34
1791018095,my-rtb-postgres-1,16.59
1791018095,my-rtb-redis-1,27.63
1791018095,my-rtb-kafka-1,44.86
1791018097,my-rtb-log-consumer-1,22.94
1791018097,my-rtb-bidder-1,114.56
1791018097,my-rtb-ad-manager-1,0.09
1791018097,my-rtb-schema-registry-1,0.23
1791018097,my-rtb-postgres-1,12.80
1791018097,my-rtb-redis-1,20.55
1791018097,my-rtb-kafka-1,31.49
1791018099,my-rtb-log-consumer-1,23.00
1791018099,my-rtb-bidder-1,111.23
1791018099,my-rtb-ad-manager-1,0.12
1791018099,my-rtb-schema-registry-1,0.27
1791018099,my-rtb-postgres-1,12.19
1791018099,my-rtb-redis-1,19.57
1791018099,my-rtb-kafka-1,31.69
1791018101,my-rtb-log-consumer-1,26.46
1791018101,my-rtb-bidder-1,150.04
1791018101,my-rtb-ad-manager-1,0.16
1791018101,my-rtb-schema-registry-1,0.35
1791018101,my-rtb-postgres-1,16.25
1791018101,my-rtb-redis-1,28.32
1791018101,my-rtb-kafka-1,36.14
1791018103,my-rtb-log-consumer-1,26.24
1791018103,my-rtb-bidder-1,132.05
1791018103,my-rtb-ad-manager-1,0.15
1791018103,my-rtb-schema-registry-1,0.36
1791018103,my-rtb-postgres-1,15.71
1791018103,my-rtb-redis-1,24.96
1791018103,my-rtb-kafka-1,42.10
1791018105,my-rtb-log-consumer-1,27.75
1791018105,my-rtb-bidder-1,144.23
1791018105,my-rtb-ad-manager-1,0.17
1791018105,my-rtb-schema-registry-1,0.32
1791018105,my-rtb-postgres-1,15.90
1791018105,my-rtb-redis-1,26.82
1791018105,my-rtb-kafka-1,40.91
1791018107,my-rtb-log-consumer-1,25.20
1791018107,my-rtb-bidder-1,114.06
1791018107,my-rtb-ad-manager-1,0.12
1791018107,my-rtb-schema-registry-1,0.25
1791018107,my-rtb-postgres-1,12.73
1791018107,my-rtb-redis-1,20.85
1791018107,my-rtb-kafka-1,33.60
1791018109,my-rtb-log-consumer-1,29.18
1791018109,my-rtb-bidder-1,151.63
1791018109,my-rtb-ad-manager-1,0.15
1791018109,my-rtb-schema-registry-1,0.58
1791018109,my-rtb-postgres-1,18.94
1791018109,my-rtb-redis-1,28.73
1791018109,my-rtb-kafka-1,41.61
1791018111,my-rtb-log-consumer-1,23.07
1791018111,my-rtb-bidder-1,193.32
1791018111,my-rtb-ad-manager-1,0.21
1791018111,my-rtb-schema-registry-1,0.74
1791018111,my-rtb-postgres-1,19.82
1791018111,my-rtb-redis-1,32.92
1791018111,my-rtb-kafka-1,13.94
1791018114,my-rtb-log-consumer-1,30.03
1791018114,my-rtb-bidder-1,194.94
1791018114,my-rtb-ad-manager-1,0.22
1791018114,my-rtb-schema-registry-1,0.70
1791018114,my-rtb-postgres-1,23.07
1791018114,my-rtb-redis-1,30.57
1791018114,my-rtb-kafka-1,26.26
1791018116,my-rtb-log-consumer-1,31.62
1791018116,my-rtb-bidder-1,173.61
1791018116,my-rtb-ad-manager-1,0.87
1791018116,my-rtb-schema-registry-1,0.45
1791018116,my-rtb-postgres-1,23.95
1791018116,my-rtb-redis-1,32.42
1791018116,my-rtb-kafka-1,36.05
1791018118,my-rtb-log-consumer-1,28.79
1791018118,my-rtb-bidder-1,146.87
1791018118,my-rtb-ad-manager-1,0.14
1791018118,my-rtb-schema-registry-1,0.32
1791018118,my-rtb-postgres-1,18.49
1791018118,my-rtb-redis-1,29.27
1791018118,my-rtb-kafka-1,43.01
1791018120,my-rtb-log-consumer-1,27.05
1791018120,my-rtb-bidder-1,187.24
1791018120,my-rtb-ad-manager-1,1.53
1791018120,my-rtb-schema-registry-1,1.03
1791018120,my-rtb-postgres-1,21.25
1791018120,my-rtb-redis-1,33.27
1791018120,my-rtb-kafka-1,37.23
1791018122,my-rtb-log-consumer-1,29.57
1791018122,my-rtb-bidder-1,150.80
1791018122,my-rtb-ad-manager-1,0.13
1791018122,my-rtb-schema-registry-1,0.30
1791018122,my-rtb-postgres-1,17.85
1791018122,my-rtb-redis-1,29.52
1791018122,my-rtb-kafka-1,43.46
1791018124,my-rtb-log-consumer-1,28.38
1791018124,my-rtb-bidder-1,145.44
1791018124,my-rtb-ad-manager-1,0.11
1791018124,my-rtb-schema-registry-1,0.30
1791018124,my-rtb-postgres-1,16.67
1791018124,my-rtb-redis-1,27.17
1791018124,my-rtb-kafka-1,40.57
1791018126,my-rtb-log-consumer-1,30.07
1791018126,my-rtb-bidder-1,144.75
1791018126,my-rtb-ad-manager-1,0.36
1791018126,my-rtb-schema-registry-1,0.29
1791018126,my-rtb-postgres-1,18.10
1791018126,my-rtb-redis-1,27.67
1791018126,my-rtb-kafka-1,44.86
1791018128,my-rtb-log-consumer-1,22.79
1791018128,my-rtb-bidder-1,133.67
1791018128,my-rtb-ad-manager-1,0.12
1791018128,my-rtb-schema-registry-1,0.30
1791018128,my-rtb-postgres-1,16.77
1791018128,my-rtb-redis-1,75.42
1791018128,my-rtb-kafka-1,27.83
1791018130,my-rtb-log-consumer-1,27.79
1791018130,my-rtb-bidder-1,153.27
1791018130,my-rtb-ad-manager-1,0.28
1791018130,my-rtb-schema-registry-1,0.40
1791018130,my-rtb-postgres-1,17.18
1791018130,my-rtb-redis-1,28.60
1791018130,my-rtb-kafka-1,38.33
1791018132,my-rtb-log-consumer-1,28.18
1791018132,my-rtb-bidder-1,175.40
1791018132,my-rtb-ad-manager-1,0.17
1791018132,my-rtb-schema-registry-1,0.40
1791018132,my-rtb-postgres-1,20.80
1791018132,my-rtb-redis-1,30.99
1791018132,my-rtb-kafka-1,35.86
1791018134,my-rtb-log-consumer-1,27.70
1791018134,my-rtb-bidder-1,171.84
1791018134,my-rtb-ad-manager-1,0.18
1791018134,my-rtb-schema-registry-1,0.48
1791018134,my-rtb-postgres-1,21.24
1791018134,my-rtb-redis-1,30.69
1791018134,my-rtb-kafka-1,33.33
1791018136,my-rtb-log-consumer-1,26.86
1791018136,my-rtb-bidder-1,181.99
1791018136,my-rtb-ad-manager-1,0.27
1791018136,my-rtb-schema-registry-1,0.43
1791018136,my-rtb-postgres-1,22.95
1791018136,my-rtb-redis-1,31.64
1791018136,my-rtb-kafka-1,24.95
1791018138,my-rtb-log-consumer-1,30.16
1791018138,my-rtb-bidder-1,154.73
1791018138,my-rtb-ad-manager-1,0.11
1791018138,my-rtb-schema-registry-1,0.39
1791018138,my-rtb-postgres-1,17.34
1791018138,my-rtb-redis-1,28.32
1791018138,my-rtb-kafka-1,38.85
1791018140,my-rtb-log-consumer-1,7.87
1791018140,my-rtb-bidder-1,99.42
1791018140,my-rtb-ad-manager-1,0.14
1791018140,my-rtb-schema-registry-1,0.27
1791018140,my-rtb-postgres-1,4.76
1791018140,my-rtb-redis-1,10.32
1791018140,my-rtb-kafka-1,14.08
1791018142,my-rtb-log-consumer-1,24.65
1791018142,my-rtb-bidder-1,141.74
1791018142,my-rtb-ad-manager-1,0.12
1791018142,my-rtb-schema-registry-1,0.30
1791018142,my-rtb-postgres-1,14.95
1791018142,my-rtb-redis-1,25.40
1791018142,my-rtb-kafka-1,37.45
1791018144,my-rtb-log-consumer-1,29.94
1791018144,my-rtb-bidder-1,145.34
1791018144,my-rtb-ad-manager-1,0.20
1791018144,my-rtb-schema-registry-1,0.46
1791018144,my-rtb-postgres-1,17.68
1791018144,my-rtb-redis-1,29.93
1791018144,my-rtb-kafka-1,43.89
1791018146,my-rtb-log-consumer-1,24.65
1791018146,my-rtb-bidder-1,187.16
1791018146,my-rtb-ad-manager-1,0.47
1791018146,my-rtb-schema-registry-1,0.67
1791018146,my-rtb-postgres-1,18.73
1791018146,my-rtb-redis-1,35.34
1791018146,my-rtb-kafka-1,29.46
1791018148,my-rtb-log-consumer-1,27.43
1791018148,my-rtb-bidder-1,188.77
1791018148,my-rtb-ad-manager-1,0.17
1791018148,my-rtb-schema-registry-1,0.60
1791018148,my-rtb-postgres-1,24.27
1791018148,my-rtb-redis-1,32.80
1791018148,my-rtb-kafka-1,16.23
1791018150,my-rtb-log-consumer-1,24.93
1791018150,my-rtb-bidder-1,209.37
1791018150,my-rtb-ad-manager-1,0.18
1791018150,my-rtb-schema-registry-1,0.48
1791018150,my-rtb-postgres-1,19.96
1791018150,my-rtb-redis-1,32.44
1791018150,my-rtb-kafka-1,18.96
1791018152,my-rtb-log-consumer-1,19.27
1791018152,my-rtb-bidder-1,197.91
1791018152,my-rtb-ad-manager-1,0.29
1791018152,my-rtb-schema-registry-1,0.59
1791018152,my-rtb-postgres-1,39.26
1791018152,my-rtb-redis-1,27.25
1791018152,my-rtb-kafka-1,10.71
1791018154,my-rtb-log-consumer-1,25.01
1791018154,my-rtb-bidder-1,184.30
1791018154,my-rtb-ad-manager-1,0.12
1791018154,my-rtb-schema-registry-1,0.35
1791018154,my-rtb-postgres-1,24.91
1791018154,my-rtb-redis-1,27.74
1791018154,my-rtb-kafka-1,13.70
1791018156,my-rtb-log-consumer-1,29.48
1791018156,my-rtb-bidder-1,150.64
1791018156,my-rtb-ad-manager-1,0.36
1791018156,my-rtb-schema-registry-1,0.33
1791018156,my-rtb-postgres-1,18.01
1791018156,my-rtb-redis-1,29.09
1791018156,my-rtb-kafka-1,44.08
1791018158,my-rtb-log-consumer-1,26.79
1791018158,my-rtb-bidder-1,142.92
1791018158,my-rtb-ad-manager-1,0.14
1791018158,my-rtb-schema-registry-1,0.42
1791018158,my-rtb-postgres-1,17.47
1791018158,my-rtb-redis-1,26.71
1791018158,my-rtb-kafka-1,34.64
1791018160,my-rtb-log-consumer-1,25.01
1791018160,my-rtb-bidder-1,138.50
1791018160,my-rtb-ad-manager-1,0.13
1791018160,my-rtb-schema-registry-1,0.26
1791018160,my-rtb-postgres-1,14.94
1791018160,my-rtb-redis-1,25.22
1791018160,my-rtb-kafka-1,36.00
1791018162,my-rtb-log-consumer-1,28.87
1791018162,my-rtb-bidder-1,169.73
1791018162,my-rtb-ad-manager-1,0.24
1791018162,my-rtb-schema-registry-1,0.73
1791018162,my-rtb-postgres-1,22.68
1791018162,my-rtb-redis-1,33.58
1791018162,my-rtb-kafka-1,32.23
1791018164,my-rtb-log-consumer-1,28.00
1791018164,my-rtb-bidder-1,153.11
1791018164,my-rtb-ad-manager-1,0.13
1791018164,my-rtb-schema-registry-1,0.27
1791018164,my-rtb-postgres-1,16.91
1791018164,my-rtb-redis-1,27.89
1791018164,my-rtb-kafka-1,36.77
1791018166,my-rtb-log-consumer-1,27.29
1791018166,my-rtb-bidder-1,146.14
1791018166,my-rtb-ad-manager-1,0.27
1791018166,my-rtb-schema-registry-1,0.34
1791018166,my-rtb-postgres-1,16.75
1791018166,my-rtb-redis-1,28.63
1791018166,my-rtb-kafka-1,38.65
1791018168,my-rtb-log-consumer-1,31.19
1791018168,my-rtb-bidder-1,185.57
1791018168,my-rtb-ad-manager-1,0.18
1791018168,my-rtb-schema-registry-1,0.55
1791018168,my-rtb-postgres-1,23.09
1791018168,my-rtb-redis-1,38.79
1791018168,my-rtb-kafka-1,28.50
1791018170,my-rtb-log-consumer-1,11.19
1791018170,my-rtb-bidder-1,193.47
1791018170,my-rtb-ad-manager-1,0.39
1791018170,my-rtb-schema-registry-1,0.39
1791018170,my-rtb-postgres-1,10.01
1791018170,my-rtb-redis-1,28.44
1791018170,my-rtb-kafka-1,9.05
1791018172,my-rtb-log-consumer-1,17.13
1791018172,my-rtb-bidder-1,178.20
1791018172,my-rtb-ad-manager-1,0.16
1791018172,my-rtb-schema-registry-1,0.37
1791018172,my-rtb-postgres-1,19.66
1791018172,my-rtb-redis-1,27.58
1791018172,my-rtb-kafka-1,7.78
1791018174,my-rtb-log-consumer-1,27.94
1791018174,my-rtb-bidder-1,183.44
1791018174,my-rtb-ad-manager-1,0.11
1791018174,my-rtb-schema-registry-1,0.34
1791018174,my-rtb-postgres-1,27.10
1791018174,my-rtb-redis-1,25.69
1791018174,my-rtb-kafka-1,11.26
1791018176,my-rtb-log-consumer-1,25.68
1791018176,my-rtb-bidder-1,189.51
1791018176,my-rtb-ad-manager-1,0.18
1791018176,my-rtb-schema-registry-1,0.39
1791018176,my-rtb-postgres-1,20.33
1791018176,my-rtb-redis-1,28.15
1791018176,my-rtb-kafka-1,27.13
1791018178,my-rtb-log-consumer-1,25.59
1791018178,my-rtb-bidder-1,176.97
1791018178,my-rtb-ad-manager-1,0.24
1791018178,my-rtb-schema-registry-1,0.74
1791018178,my-rtb-postgres-1,17.50
1791018178,my-rtb-redis-1,29.97
1791018178,my-rtb-kafka-1,31.46
1791018181,my-rtb-log-consumer-1,28.88
1791018181,my-rtb-bidder-1,190.16
1791018181,my-rtb-ad-manager-1,0.22
1791018181,my-rtb-schema-registry-1,0.59
1791018181,my-rtb-postgres-1,26.96
1791018181,my-rtb-redis-1,34.64
1791018181,my-rtb-kafka-1,13.47
1791018183,my-rtb-log-consumer-1,20.96
1791018183,my-rtb-bidder-1,173.58
1791018183,my-rtb-ad-manager-1,0.14
1791018183,my-rtb-schema-registry-1,0.30
1791018183,my-rtb-postgres-1,20.43
1791018183,my-rtb-redis-1,23.71
1791018183,my-rtb-kafka-1,9.60
1791018185,my-rtb-log-consumer-1,27.85
1791018185,my-rtb-bidder-1,128.61
1791018185,my-rtb-ad-manager-1,0.13
1791018185,my-rtb-schema-registry-1,0.25
1791018185,my-rtb-postgres-1,14.50
1791018185,my-rtb-redis-1,26.93
1791018185,my-rtb-kafka-1,42.20
1791018187,my-rtb-log-consumer-1,29.78
1791018187,my-rtb-bidder-1,205.11
1791018187,my-rtb-ad-manager-1,0.35
1791018187,my-rtb-schema-registry-1,1.04
1791018187,my-rtb-postgres-1,26.15
1791018187,my-rtb-redis-1,31.10
1791018187,my-rtb-kafka-1,14.81
1791018189,my-rtb-log-consumer-1,19.58
1791018189,my-rtb-bidder-1,203.91
1791018189,my-rtb-ad-manager-1,0.16
1791018189,my-rtb-schema-registry-1,0.66
1791018189,my-rtb-postgres-1,19.03
1791018189,my-rtb-redis-1,25.91
1791018189,my-rtb-kafka-1,11.44
1791018191,my-rtb-log-consumer-1,25.48
1791018191,my-rtb-bidder-1,173.13
1791018191,my-rtb-ad-manager-1,0.29
1791018191,my-rtb-schema-registry-1,0.74
1791018191,my-rtb-postgres-1,25.63
1791018191,my-rtb-redis-1,88.37
1791018191,my-rtb-kafka-1,19.12
1791018193,my-rtb-log-consumer-1,23.74
1791018193,my-rtb-bidder-1,158.02
1791018193,my-rtb-ad-manager-1,0.19
1791018193,my-rtb-schema-registry-1,0.45
1791018193,my-rtb-postgres-1,16.10
1791018193,my-rtb-redis-1,25.68
1791018193,my-rtb-kafka-1,28.24
1791018195,my-rtb-log-consumer-1,15.63
1791018195,my-rtb-bidder-1,176.91
1791018195,my-rtb-ad-manager-1,0.17
1791018195,my-rtb-schema-registry-1,0.29
1791018195,my-rtb-postgres-1,15.11
1791018195,my-rtb-redis-1,26.41
1791018195,my-rtb-kafka-1,7.64
1791018197,my-rtb-log-consumer-1,27.00
1791018197,my-rtb-bidder-1,170.31
1791018197,my-rtb-ad-manager-1,0.13
1791018197,my-rtb-schema-registry-1,0.39
1791018197,my-rtb-postgres-1,19.57
1791018197,my-rtb-redis-1,29.21
1791018197,my-rtb-kafka-1,35.93
1791018199,my-rtb-log-consumer-1,23.91
1791018199,my-rtb-bidder-1,186.31
1791018199,my-rtb-ad-manager-1,0.21
1791018199,my-rtb-schema-registry-1,0.55
1791018199,my-rtb-postgres-1,19.16
1791018199,my-rtb-redis-1,33.10
1791018199,my-rtb-kafka-1,10.84
1791018201,my-rtb-log-consumer-1,8.16
1791018201,my-rtb-bidder-1,108.48
1791018201,my-rtb-ad-manager-1,0.13
1791018201,my-rtb-schema-registry-1,0.25
1791018201,my-rtb-postgres-1,7.62
1791018201,my-rtb-redis-1,8.28
1791018201,my-rtb-kafka-1,3.94
1791018203,my-rtb-log-consumer-1,26.73
1791018203,my-rtb-bidder-1,161.58
1791018203,my-rtb-ad-manager-1,0.11
1791018203,my-rtb-schema-registry-1,0.24
1791018203,my-rtb-postgres-1,16.91
1791018203,my-rtb-redis-1,29.48
1791018203,my-rtb-kafka-1,39.19
1791018205,my-rtb-log-consumer-1,9.27
1791018205,my-rtb-bidder-1,204.22
1791018205,my-rtb-ad-manager-1,0.89
1791018205,my-rtb-schema-registry-1,1.11
1791018205,my-rtb-postgres-1,6.25
1791018205,my-rtb-redis-1,27.45
1791018205,my-rtb-kafka-1,9.54
1791018207,my-rtb-log-consumer-1,24.42
1791018207,my-rtb-bidder-1,200.01
1791018207,my-rtb-ad-manager-1,0.17
1791018207,my-rtb-schema-registry-1,0.57
1791018207,my-rtb-postgres-1,24.47
1791018207,my-rtb-redis-1,28.54
1791018207,my-rtb-kafka-1,11.20
1791018209,my-rtb-log-consumer-1,24.80
1791018209,my-rtb-bidder-1,136.10
1791018209,my-rtb-ad-manager-1,0.12
1791018209,my-rtb-schema-registry-1,0.23
1791018209,my-rtb-postgres-1,15.11
1791018209,my-rtb-redis-1,24.87
1791018209,my-rtb-kafka-1,35.49
1791018211,my-rtb-log-consumer-1,26.65
1791018211,my-rtb-bidder-1,191.59
1791018211,my-rtb-ad-manager-1,0.17
1791018211,my-rtb-schema-registry-1,0.41
1791018211,my-rtb-postgres-1,18.94
1791018211,my-rtb-redis-1,29.90
1791018211,my-rtb-kafka-1,29.33
1791018213,my-rtb-log-consumer-1,16.19
1791018213,my-rtb-bidder-1,197.58
1791018213,my-rtb-ad-manager-1,0.19
1791018213,my-rtb-schema-registry-1,1.79
1791018213,my-rtb-postgres-1,49.75
1791018213,my-rtb-redis-1,31.43
1791018213,my-rtb-kafka-1,13.30
1791018215,my-rtb-log-consumer-1,20.00
1791018215,my-rtb-bidder-1,189.91
1791018215,my-rtb-ad-manager-1,0.15
1791018215,my-rtb-schema-registry-1,0.37
1791018215,my-rtb-postgres-1,19.85
1791018215,my-rtb-redis-1,28.05
1791018215,my-rtb-kafka-1,11.99
1791018217,my-rtb-log-consumer-1,25.78
1791018217,my-rtb-bidder-1,187.80
1791018217,my-rtb-ad-manager-1,0.18
1791018217,my-rtb-schema-registry-1,0.32
1791018217,my-rtb-postgres-1,25.66
1791018217,my-rtb-redis-1,26.35
1791018217,my-rtb-kafka-1,13.40
1791018219,my-rtb-log-consumer-1,26.24
1791018219,my-rtb-bidder-1,154.76
1791018219,my-rtb-ad-manager-1,0.13
1791018219,my-rtb-schema-registry-1,0.30
1791018219,my-rtb-postgres-1,16.36
1791018219,my-rtb-redis-1,27.09
1791018219,my-rtb-kafka-1,37.92
1791018221,my-rtb-log-consumer-1,25.85
1791018221,my-rtb-bidder-1,167.07
1791018221,my-rtb-ad-manager-1,0.17
1791018221,my-rtb-schema-registry-1,0.32
1791018221,my-rtb-postgres-1,17.46
1791018221,my-rtb-redis-1,28.78
1791018221,my-rtb-kafka-1,37.21
1791018223,my-rtb-log-consumer-1,25.92
1791018223,my-rtb-bidder-1,124.95
1791018223,my-rtb-ad-manager-1,0.14
1791018223,my-rtb-schema-registry-1,0.29
1791018223,my-rtb-postgres-1,15.71
1791018223,my-rtb-redis-1,25.46
1791018223,my-rtb-kafka-1,38.71
1791018225,my-rtb-log-consumer-1,25.91
1791018225,my-rtb-bidder-1,171.62
1791018225,my-rtb-ad-manager-1,0.15
1791018225,my-rtb-schema-registry-1,0.33
1791018225,my-rtb-postgres-1,22.33
1791018225,my-rtb-redis-1,28.58
1791018225,my-rtb-kafka-1,33.43
1791018227,my-rtb-log-consumer-1,24.74
1791018227,my-rtb-bidder-1,202.11
1791018227,my-rtb-ad-manager-1,0.15
1791018227,my-rtb-schema-registry-1,0.28
1791018227,my-rtb-postgres-1,21.76
1791018227,my-rtb-redis-1,29.78
1791018227,my-rtb-kafka-1,22.51
1791018229,my-rtb-log-consumer-1,23.62
1791018229,my-rtb-bidder-1,179.77
1791018229,my-rtb-ad-manager-1,0.12
1791018229,my-rtb-schema-registry-1,0.36
1791018229,my-rtb-postgres-1,21.20
1791018229,my-rtb-redis-1,25.79
1791018229,my-rtb-kafka-1,16.39
1791018231,my-rtb-log-consumer-1,28.29
1791018231,my-rtb-bidder-1,163.05
1791018231,my-rtb-ad-manager-1,0.15
1791018231,my-rtb-schema-registry-1,0.74
1791018231,my-rtb-postgres-1,19.04
1791018231,my-rtb-redis-1,31.88
1791018231,my-rtb-kafka-1,39.78
1791018233,my-rtb-log-consumer-1,24.05
1791018233,my-rtb-bidder-1,170.70
1791018233,my-rtb-ad-manager-1,0.15
1791018233,my-rtb-schema-registry-1,0.32
1791018233,my-rtb-postgres-1,16.47
1791018233,my-rtb-redis-1,28.45
1791018233,my-rtb-kafka-1,30.22
1791018235,my-rtb-log-consumer-1,25.33
1791018235,my-rtb-bidder-1,136.70
1791018235,my-rtb-ad-manager-1,0.12
1791018235,my-rtb-schema-registry-1,0.43
1791018235,my-rtb-postgres-1,15.42
1791018235,my-rtb-redis-1,25.64
1791018235,my-rtb-kafka-1,37.86
1791018237,my-rtb-log-consumer-1,25.67
1791018237,my-rtb-bidder-1,130.95
1791018237,my-rtb-ad-manager-1,0.14
1791018237,my-rtb-schema-registry-1,0.29
1791018237,my-rtb-postgres-1,15.23
1791018237,my-rtb-redis-1,24.49
1791018237,my-rtb-kafka-1,34.57
1791018239,my-rtb-log-consumer-1,24.79
1791018239,my-rtb-bidder-1,137.85
1791018239,my-rtb-ad-manager-1,0.10
1791018239,my-rtb-schema-registry-1,0.22
1791018239,my-rtb-postgres-1,15.20
1791018239,my-rtb-redis-1,25.04
1791018239,my-rtb-kafka-1,33.79
1791018241,my-rtb-log-consumer-1,23.34
1791018241,my-rtb-bidder-1,188.57
1791018241,my-rtb-ad-manager-1,0.32
1791018241,my-rtb-schema-registry-1,0.46
1791018241,my-rtb-postgres-1,20.13
1791018241,my-rtb-redis-1,28.88
1791018241,my-rtb-kafka-1,14.57
1791018243,my-rtb-log-consumer-1,28.67
1791018243,my-rtb-bidder-1,200.68
1791018243,my-rtb-ad-manager-1,0.13
1791018243,my-rtb-schema-registry-1,0.38
1791018243,my-rtb-postgres-1,27.05
1791018243,my-rtb-redis-1,33.93
1791018243,my-rtb-kafka-1,28.46
1791018245,my-rtb-log-consumer-1,28.05
1791018245,my-rtb-bidder-1,185.44
1791018245,my-rtb-ad-manager-1,0.18
1791018245,my-rtb-schema-registry-1,0.38
1791018245,my-rtb-postgres-1,21.85
1791018245,my-rtb-redis-1,30.19
1791018245,my-rtb-kafka-1,34.78
1791018247,my-rtb-log-consumer-1,24.59
1791018247,my-rtb-bidder-1,125.77
1791018247,my-rtb-ad-manager-1,0.11
1791018247,my-rtb-schema-registry-1,0.22
1791018247,my-rtb-postgres-1,14.88
1791018247,my-rtb-redis-1,24.17
1791018247,my-rtb-kafka-1,35.48
1791018249,my-rtb-log-consumer-1,24.06
1791018249,my-rtb-bidder-1,142.03
1791018249,my-rtb-ad-manager-1,0.13
1791018249,my-rtb-schema-registry-1,0.27
1791018249,my-rtb-postgres-1,15.64
1791018249,my-rtb-redis-1,24.66
1791018249,my-rtb-kafka-1,32.82
1791018251,my-rtb-log-consumer-1,24.49
1791018251,my-rtb-bidder-1,134.51
1791018251,my-rtb-ad-manager-1,0.15
1791018251,my-rtb-schema-registry-1,0.26
1791018251,my-rtb-postgres-1,16.67
1791018251,my-rtb-redis-1,55.43
1791018251,my-rtb-kafka-1,29.99
1791018253,my-rtb-log-consumer-1,26.17
1791018253,my-rtb-bidder-1,190.25
1791018253,my-rtb-ad-manager-1,0.14
1791018253,my-rtb-schema-registry-1,0.35
1791018253,my-rtb-postgres-1,24.04
1791018253,my-rtb-redis-1,62.01
1791018253,my-rtb-kafka-1,14.74
1791018255,my-rtb-log-consumer-1,27.41
1791018255,my-rtb-bidder-1,190.44
1791018255,my-rtb-ad-manager-1,0.30
1791018255,my-rtb-schema-registry-1,0.37
1791018255,my-rtb-postgres-1,22.99
1791018255,my-rtb-redis-1,30.84
1791018255,my-rtb-kafka-1,30.31
1791018257,my-rtb-log-consumer-1,27.07
1791018257,my-rtb-bidder-1,135.61
1791018257,my-rtb-ad-manager-1,0.11
1791018257,my-rtb-schema-registry-1,0.48
1791018257,my-rtb-postgres-1,18.03
1791018257,my-rtb-redis-1,26.03
1791018257,my-rtb-kafka-1,36.32
1791018260,my-rtb-log-consumer-1,25.66
1791018260,my-rtb-bidder-1,152.32
1791018260,my-rtb-ad-manager-1,0.12
1791018260,my-rtb-schema-registry-1,0.26
1791018260,my-rtb-postgres-1,17.24
1791018260,my-rtb-redis-1,25.93
1791018260,my-rtb-kafka-1,33.80
1791018262,my-rtb-log-consumer-1,8.85
1791018262,my-rtb-bidder-1,96.88
1791018262,my-rtb-ad-manager-1,0.14
1791018262,my-rtb-schema-registry-1,0.39
1791018262,my-rtb-postgres-1,5.30
1791018262,my-rtb-redis-1,12.84
1791018262,my-rtb-kafka-1,11.41
1791018264,my-rtb-log-consumer-1,27.37
1791018264,my-rtb-bidder-1,170.94
1791018264,my-rtb-ad-manager-1,0.11
1791018264,my-rtb-schema-registry-1,0.49
1791018264,my-rtb-postgres-1,17.51
1791018264,my-rtb-redis-1,30.41
1791018264,my-rtb-kafka-1,39.34
1791018266,my-rtb-log-consumer-1,29.81
1791018266,my-rtb-bidder-1,160.69
1791018266,my-rtb-ad-manager-1,0.18
1791018266,my-rtb-schema-registry-1,0.31
1791018266,my-rtb-postgres-1,19.19
1791018266,my-rtb-redis-1,32.54
1791018266,my-rtb-kafka-1,40.73
1791018268,my-rtb-log-consumer-1,31.36
1791018268,my-rtb-bidder-1,170.47
1791018268,my-rtb-ad-manager-1,0.12
1791018268,my-rtb-schema-registry-1,0.38
1791018268,my-rtb-postgres-1,18.45
1791018268,my-rtb-redis-1,33.04
1791018268,my-rtb-kafka-1,45.01
1791018270,my-rtb-log-consumer-1,28.39
1791018270,my-rtb-bidder-1,157.65
1791018270,my-rtb-ad-manager-1,0.11
1791018270,my-rtb-schema-registry-1,0.26
1791018270,my-rtb-postgres-1,16.50
1791018270,my-rtb-redis-1,28.68
1791018270,my-rtb-kafka-1,39.74
1791018272,my-rtb-log-consumer-1,28.00
1791018272,my-rtb-bidder-1,156.40
1791018272,my-rtb-ad-manager-1,0.13
1791018272,my-rtb-schema-registry-1,0.36
1791018272,my-rtb-postgres-1,17.06
1791018272,my-rtb-redis-1,28.52
1791018272,my-rtb-kafka-1,38.19
1791018274,my-rtb-log-consumer-1,15.65
1791018274,my-rtb-bidder-1,200.36
1791018274,my-rtb-ad-manager-1,0.15
1791018274,my-rtb-schema-registry-1,0.66
1791018274,my-rtb-postgres-1,14.03
1791018274,my-rtb-redis-1,30.83
1791018274,my-rtb-kafka-1,9.79
1791018276,my-rtb-log-consumer-1,25.74
1791018276,my-rtb-bidder-1,179.10
1791018276,my-rtb-ad-manager-1,0.25
1791018276,my-rtb-schema-registry-1,0.49
1791018276,my-rtb-postgres-1,17.10
1791018276,my-rtb-redis-1,31.86
1791018276,my-rtb-kafka-1,35.80
1791018278,my-rtb-log-consumer-1,31.53
1791018278,my-rtb-bidder-1,176.98
1791018278,my-rtb-ad-manager-1,0.14
1791018278,my-rtb-schema-registry-1,0.38
1791018278,my-rtb-postgres-1,20.06
1791018278,my-rtb-redis-1,33.19
1791018278,my-rtb-kafka-1,42.02
1791018280,my-rtb-log-consumer-1,28.97
1791018280,my-rtb-bidder-1,160.12
1791018280,my-rtb-ad-manager-1,0.37
1791018280,my-rtb-schema-registry-1,0.29
1791018280,my-rtb-postgres-1,16.85
1791018280,my-rtb-redis-1,29.66
1791018280,my-rtb-kafka-1,40.40
1791018282,my-rtb-log-consumer-1,26.76
1791018282,my-rtb-bidder-1,168.85
1791018282,my-rtb-ad-manager-1,0.14
1791018282,my-rtb-schema-registry-1,0.29
1791018282,my-rtb-postgres-1,19.91
1791018282,my-rtb-redis-1,30.67
1791018282,my-rtb-kafka-1,36.39
1791018284,my-rtb-log-consumer-1,27.39
1791018284,my-rtb-bidder-1,138.27
1791018284,my-rtb-ad-manager-1,0.10
1791018284,my-rtb-schema-registry-1,0.28
1791018284,my-rtb-postgres-1,16.42
1791018284,my-rtb-redis-1,27.31
1791018284,my-rtb-kafka-1,39.23
1791018286,my-rtb-log-consumer-1,27.42
1791018286,my-rtb-bidder-1,165.55
1791018286,my-rtb-ad-manager-1,0.30
1791018286,my-rtb-schema-registry-1,0.31
1791018286,my-rtb-postgres-1,17.53
1791018286,my-rtb-redis-1,29.95
1791018286,my-rtb-kafka-1,41.18
1791018288,my-rtb-log-consumer-1,31.39
1791018288,my-rtb-bidder-1,176.90
1791018288,my-rtb-ad-manager-1,0.12
1791018288,my-rtb-schema-registry-1,0.37
1791018288,my-rtb-postgres-1,22.96
1791018288,my-rtb-redis-1,33.31
1791018288,my-rtb-kafka-1,39.11
1791018290,my-rtb-log-consumer-1,28.47
1791018290,my-rtb-bidder-1,164.47
1791018290,my-rtb-ad-manager-1,0.12
1791018290,my-rtb-schema-registry-1,0.32
1791018290,my-rtb-postgres-1,18.86
1791018290,my-rtb-redis-1,29.16
1791018290,my-rtb-kafka-1,38.79
1791018292,my-rtb-log-consumer-1,29.12
1791018292,my-rtb-bidder-1,160.25
1791018292,my-rtb-ad-manager-1,0.14
1791018292,my-rtb-schema-registry-1,0.27
1791018292,my-rtb-postgres-1,18.42
1791018292,my-rtb-redis-1,29.65
1791018292,my-rtb-kafka-1,43.04
1791018294,my-rtb-log-consumer-1,28.04
1791018294,my-rtb-bidder-1,146.10
1791018294,my-rtb-ad-manager-1,0.12
1791018294,my-rtb-schema-registry-1,0.29
1791018294,my-rtb-postgres-1,15.89
1791018294,my-rtb-redis-1,28.28
1791018294,my-rtb-kafka-1,39.56
1791018296,my-rtb-log-consumer-1,26.24
1791018296,my-rtb-bidder-1,138.40
1791018296,my-rtb-ad-manager-1,0.13
1791018296,my-rtb-schema-registry-1,0.30
1791018296,my-rtb-postgres-1,15.12
1791018296,my-rtb-redis-1,26.43
1791018296,my-rtb-kafka-1,40.21
1791018298,my-rtb-log-consumer-1,26.95
1791018298,my-rtb-bidder-1,150.73
1791018298,my-rtb-ad-manager-1,0.11
1791018298,my-rtb-schema-registry-1,0.32
1791018298,my-rtb-postgres-1,15.98
1791018298,my-rtb-redis-1,27.57
1791018298,my-rtb-kafka-1,37.75
1791018300,my-rtb-log-consumer-1,29.11
1791018300,my-rtb-bidder-1,152.68
1791018300,my-rtb-ad-manager-1,0.12
1791018300,my-rtb-schema-registry-1,0.35
1791018300,my-rtb-postgres-1,16.61
1791018300,my-rtb-redis-1,29.44
1791018300,my-rtb-kafka-1,39.30
1791018302,my-rtb-log-consumer-1,29.28
1791018302,my-rtb-bidder-1,180.15
1791018302,my-rtb-ad-manager-1,0.15
1791018302,my-rtb-schema-registry-1,0.42
1791018302,my-rtb-postgres-1,25.52
1791018302,my-rtb-redis-1,33.81
1791018302,my-rtb-kafka-1,28.83
1791018304,my-rtb-log-consumer-1,31.41
1791018304,my-rtb-bidder-1,169.56
1791018304,my-rtb-ad-manager-1,0.14
1791018304,my-rtb-schema-registry-1,2.94
1791018304,my-rtb-postgres-1,26.65
1791018304,my-rtb-redis-1,32.15
1791018304,my-rtb-kafka-1,25.13
1791018306,my-rtb-log-consumer-1,28.49
1791018306,my-rtb-bidder-1,184.80
1791018306,my-rtb-ad-manager-1,0.88
1791018306,my-rtb-schema-registry-1,0.32
1791018306,my-rtb-postgres-1,25.02
1791018306,my-rtb-redis-1,32.38
1791018306,my-rtb-kafka-1,26.86
1791018308,my-rtb-log-consumer-1,43.46
1791018308,my-rtb-bidder-1,151.81
1791018308,my-rtb-ad-manager-1,0.13
1791018308,my-rtb-schema-registry-1,1.94
1791018308,my-rtb-postgres-1,17.29
1791018308,my-rtb-redis-1,28.89
1791018308,my-rtb-kafka-1,42.48
1791018310,my-rtb-log-consumer-1,52.57
1791018310,my-rtb-bidder-1,181.26
1791018310,my-rtb-ad-manager-1,0.13
1791018310,my-rtb-schema-registry-1,0.36
1791018310,my-rtb-postgres-1,20.70
1791018310,my-rtb-redis-1,32.93
1791018310,my-rtb-kafka-1,46.84
1791018312,my-rtb-log-consumer-1,21.03
1791018312,my-rtb-bidder-1,179.47
1791018312,my-rtb-ad-manager-1,0.19
1791018312,my-rtb-schema-registry-1,0.71
1791018312,my-rtb-postgres-1,20.32
1791018312,my-rtb-redis-1,28.73
1791018312,my-rtb-kafka-1,13.28
1791018314,my-rtb-log-consumer-1,37.07
1791018314,my-rtb-bidder-1,182.54
1791018314,my-rtb-ad-manager-1,0.24
1791018314,my-rtb-schema-registry-1,0.56
1791018314,my-rtb-postgres-1,25.58
1791018314,my-rtb-redis-1,104.52
1791018314,my-rtb-kafka-1,19.33
1791018316,my-rtb-log-consumer-1,29.28
1791018316,my-rtb-bidder-1,191.49
1791018316,my-rtb-ad-manager-1,0.91
1791018316,my-rtb-schema-registry-1,0.35
1791018316,my-rtb-postgres-1,30.66
1791018316,my-rtb-redis-1,46.46
1791018316,my-rtb-kafka-1,17.05
1791018318,my-rtb-log-consumer-1,33.43
1791018318,my-rtb-bidder-1,202.24
1791018318,my-rtb-ad-manager-1,0.15
1791018318,my-rtb-schema-registry-1,0.47
1791018318,my-rtb-postgres-1,28.36
1791018318,my-rtb-redis-1,34.20
1791018318,my-rtb-kafka-1,27.22
1791018320,my-rtb-log-consumer-1,29.41
1791018320,my-rtb-bidder-1,154.91
1791018320,my-rtb-ad-manager-1,0.13
1791018320,my-rtb-schema-registry-1,0.53
1791018320,my-rtb-postgres-1,17.31
1791018320,my-rtb-redis-1,28.89
1791018320,my-rtb-kafka-1,41.70
1791018322,my-rtb-log-consumer-1,14.29
1791018322,my-rtb-bidder-1,111.14
1791018322,my-rtb-ad-manager-1,0.30
1791018322,my-rtb-schema-registry-1,0.48
1791018322,my-rtb-postgres-1,14.13
1791018322,my-rtb-redis-1,13.98
1791018322,my-rtb-kafka-1,7.21
1791018324,my-rtb-log-consumer-1,15.67
1791018324,my-rtb-bidder-1,203.65
1791018324,my-rtb-ad-manager-1,0.32
1791018324,my-rtb-schema-registry-1,0.99
1791018324,my-rtb-postgres-1,11.14
1791018324,my-rtb-redis-1,34.29
1791018324,my-rtb-kafka-1,19.10
1791018326,my-rtb-log-consumer-1,9.77
1791018326,my-rtb-bidder-1,215.48
1791018326,my-rtb-ad-manager-1,2.39
1791018326,my-rtb-schema-registry-1,1.97
1791018326,my-rtb-postgres-1,8.44
1791018326,my-rtb-redis-1,43.26
1791018326,my-rtb-kafka-1,10.39
1791018328,my-rtb-log-consumer-1,9.94
1791018328,my-rtb-bidder-1,189.74
1791018328,my-rtb-ad-manager-1,0.17
1791018328,my-rtb-schema-registry-1,1.98
1791018328,my-rtb-postgres-1,10.52
1791018328,my-rtb-redis-1,25.89
1791018328,my-rtb-kafka-1,6.15
1791018331,my-rtb-log-consumer-1,32.82
1791018331,my-rtb-bidder-1,176.65
1791018331,my-rtb-ad-manager-1,0.18
1791018331,my-rtb-schema-registry-1,1.11
1791018331,my-rtb-postgres-1,23.16
1791018331,my-rtb-redis-1,25.14
1791018331,my-rtb-kafka-1,7.83
1791018333,my-rtb-log-consumer-1,11.70
1791018333,my-rtb-bidder-1,188.31
1791018333,my-rtb-ad-manager-1,0.14
1791018333,my-rtb-schema-registry-1,0.30
1791018333,my-rtb-postgres-1,47.18
1791018333,my-rtb-redis-1,22.47
1791018333,my-rtb-kafka-1,5.90
1791018335,my-rtb-log-consumer-1,18.88
1791018335,my-rtb-bidder-1,189.05
1791018335,my-rtb-ad-manager-1,0.14
1791018335,my-rtb-schema-registry-1,0.38
1791018335,my-rtb-postgres-1,16.69
1791018335,my-rtb-redis-1,26.80
1791018335,my-rtb-kafka-1,16.51
1791018337,my-rtb-log-consumer-1,30.64
1791018337,my-rtb-bidder-1,203.47
1791018337,my-rtb-ad-manager-1,0.26
1791018337,my-rtb-schema-registry-1,0.81
1791018337,my-rtb-postgres-1,28.88
1791018337,my-rtb-redis-1,24.69
1791018337,my-rtb-kafka-1,9.57
1791018339,my-rtb-log-consumer-1,23.06
1791018339,my-rtb-bidder-1,193.51
1791018339,my-rtb-ad-manager-1,0.17
1791018339,my-rtb-schema-registry-1,0.51
1791018339,my-rtb-postgres-1,21.35
1791018339,my-rtb-redis-1,26.80
1791018339,my-rtb-kafka-1,8.98
1791018341,my-rtb-log-consumer-1,17.68
1791018341,my-rtb-bidder-1,193.95
1791018341,my-rtb-ad-manager-1,0.21
1791018341,my-rtb-schema-registry-1,0.66
1791018341,my-rtb-postgres-1,14.07
1791018341,my-rtb-redis-1,30.06
1791018341,my-rtb-kafka-1,8.56
1791018343,my-rtb-log-consumer-1,23.76
1791018343,my-rtb-bidder-1,189.36
1791018343,my-rtb-ad-manager-1,0.15
1791018343,my-rtb-schema-registry-1,0.74
1791018343,my-rtb-postgres-1,22.27
1791018343,my-rtb-redis-1,19.42
1791018343,my-rtb-kafka-1,12.05
1791018345,my-rtb-log-consumer-1,16.00
1791018345,my-rtb-bidder-1,189.64
1791018345,my-rtb-ad-manager-1,0.23
1791018345,my-rtb-schema-registry-1,0.51
1791018345,my-rtb-postgres-1,13.69
1791018345,my-rtb-redis-1,24.75
1791018345,my-rtb-kafka-1,7.80
1791018347,my-rtb-log-consumer-1,20.86
1791018347,my-rtb-bidder-1,204.80
1791018347,my-rtb-ad-manager-1,0.41
1791018347,my-rtb-schema-registry-1,0.81
1791018347,my-rtb-postgres-1,14.64
1791018347,my-rtb-redis-1,19.19
1791018347,my-rtb-kafka-1,7.70
1791018349,my-rtb-log-consumer-1,15.09
1791018349,my-rtb-bidder-1,188.53
1791018349,my-rtb-ad-manager-1,0.17
1791018349,my-rtb-schema-registry-1,0.58
1791018349,my-rtb-postgres-1,13.71
1791018349,my-rtb-redis-1,20.64
1791018349,my-rtb-kafka-1,8.87
1791018351,my-rtb-log-consumer-1,27.31
1791018351,my-rtb-bidder-1,194.04
1791018351,my-rtb-ad-manager-1,0.18
1791018351,my-rtb-schema-registry-1,1.06
1791018351,my-rtb-postgres-1,24.98
1791018351,my-rtb-redis-1,25.15
1791018351,my-rtb-kafka-1,13.15
1791018353,my-rtb-log-consumer-1,29.98
1791018353,my-rtb-bidder-1,213.59
1791018353,my-rtb-ad-manager-1,0.19
1791018353,my-rtb-schema-registry-1,0.47
1791018353,my-rtb-postgres-1,28.10
1791018353,my-rtb-redis-1,29.35
1791018353,my-rtb-kafka-1,10.99
1791018355,my-rtb-log-consumer-1,28.60
1791018355,my-rtb-bidder-1,203.28
1791018355,my-rtb-ad-manager-1,0.13
1791018355,my-rtb-schema-registry-1,1.27
1791018355,my-rtb-postgres-1,26.29
1791018355,my-rtb-redis-1,24.35
1791018355,my-rtb-kafka-1,10.10
1791018357,my-rtb-log-consumer-1,30.03
1791018357,my-rtb-bidder-1,174.73
1791018357,my-rtb-ad-manager-1,0.13
1791018357,my-rtb-schema-registry-1,0.38
1791018357,my-rtb-postgres-1,20.91
1791018357,my-rtb-redis-1,31.04
1791018357,my-rtb-kafka-1,39.51
1791018359,my-rtb-log-consumer-1,27.64
1791018359,my-rtb-bidder-1,154.97
1791018359,my-rtb-ad-manager-1,0.12
1791018359,my-rtb-schema-registry-1,0.38
1791018359,my-rtb-postgres-1,18.62
1791018359,my-rtb-redis-1,28.77
1791018359,my-rtb-kafka-1,39.83
1791018361,my-rtb-log-consumer-1,29.89
1791018361,my-rtb-bidder-1,163.90
1791018361,my-rtb-ad-manager-1,0.16
1791018361,my-rtb-schema-registry-1,0.29
1791018361,my-rtb-postgres-1,21.88
1791018361,my-rtb-redis-1,34.30
1791018361,my-rtb-kafka-1,39.41
1791018363,my-rtb-log-consumer-1,31.82
1791018363,my-rtb-bidder-1,154.52
1791018363,my-rtb-ad-manager-1,0.14
1791018363,my-rtb-schema-registry-1,0.44
1791018363,my-rtb-postgres-1,19.44
1791018363,my-rtb-redis-1,30.70
1791018363,my-rtb-kafka-1,42.25
1791018365,my-rtb-log-consumer-1,29.92
1791018365,my-rtb-bidder-1,161.09
1791018365,my-rtb-ad-manager-1,0.12
1791018365,my-rtb-schema-registry-1,0.30
1791018365,my-rtb-postgres-1,20.12
1791018365,my-rtb-redis-1,30.03
1791018365,my-rtb-kafka-1,55.33
1791018367,my-rtb-log-consumer-1,28.12
1791018367,my-rtb-bidder-1,150.22
1791018367,my-rtb-ad-manager-1,0.11
1791018367,my-rtb-schema-registry-1,0.24
1791018367,my-rtb-postgres-1,17.38
1791018367,my-rtb-redis-1,27.56
1791018367,my-rtb-kafka-1,43.25
1791018369,my-rtb-log-consumer-1,41.70
1791018369,my-rtb-bidder-1,178.82
1791018369,my-rtb-ad-manager-1,0.24
1791018369,my-rtb-schema-registry-1,0.89
1791018369,my-rtb-postgres-1,26.96
1791018369,my-rtb-redis-1,31.60
1791018369,my-rtb-kafka-1,25.34
1791018371,my-rtb-log-consumer-1,49.90
1791018371,my-rtb-bidder-1,190.82
1791018371,my-rtb-ad-manager-1,0.14
1791018371,my-rtb-schema-registry-1,0.37
1791018371,my-rtb-postgres-1,22.29
1791018371,my-rtb-redis-1,33.85
1791018371,my-rtb-kafka-1,36.68
1791018373,my-rtb-log-consumer-1,26.80
1791018373,my-rtb-bidder-1,151.69
1791018373,my-rtb-ad-manager-1,0.12
1791018373,my-rtb-schema-registry-1,0.30
1791018373,my-rtb-postgres-1,17.01
1791018373,my-rtb-redis-1,28.32
1791018373,my-rtb-kafka-1,39.62
1791018375,my-rtb-log-consumer-1,27.95
1791018375,my-rtb-bidder-1,149.48
1791018375,my-rtb-ad-manager-1,0.10
1791018375,my-rtb-schema-registry-1,0.31
1791018375,my-rtb-postgres-1,16.91
1791018375,my-rtb-redis-1,27.70
1791018375,my-rtb-kafka-1,41.98
1791018377,my-rtb-log-consumer-1,26.02
1791018377,my-rtb-bidder-1,174.95
1791018377,my-rtb-ad-manager-1,0.14
1791018377,my-rtb-schema-registry-1,0.52
1791018377,my-rtb-postgres-1,21.06
1791018377,my-rtb-redis-1,104.41
1791018377,my-rtb-kafka-1,23.62
1791018379,my-rtb-log-consumer-1,27.07
1791018379,my-rtb-bidder-1,185.71
1791018379,my-rtb-ad-manager-1,0.16
1791018379,my-rtb-schema-registry-1,0.36
1791018379,my-rtb-postgres-1,22.65
1791018379,my-rtb-redis-1,29.27
1791018379,my-rtb-kafka-1,32.59
1791018381,my-rtb-log-consumer-1,34.09
1791018381,my-rtb-bidder-1,193.96
1791018381,my-rtb-ad-manager-1,0.16
1791018381,my-rtb-schema-registry-1,0.81
1791018381,my-rtb-postgres-1,25.51
1791018381,my-rtb-redis-1,34.82
1791018381,my-rtb-kafka-1,38.44
1791018383,my-rtb-log-consumer-1,11.89
1791018383,my-rtb-bidder-1,92.10
1791018383,my-rtb-ad-manager-1,0.13
1791018383,my-rtb-schema-registry-1,0.43
1791018383,my-rtb-postgres-1,7.50
1791018383,my-rtb-redis-1,12.80
1791018383,my-rtb-kafka-1,14.79
1791018385,my-rtb-log-consumer-1,28.64
1791018385,my-rtb-bidder-1,159.61
1791018385,my-rtb-ad-manager-1,0.14
1791018385,my-rtb-schema-registry-1,0.36
1791018385,my-rtb-postgres-1,19.51
1791018385,my-rtb-redis-1,31.65
1791018385,my-rtb-kafka-1,36.87
1791018387,my-rtb-log-consumer-1,28.33
1791018387,my-rtb-bidder-1,211.00
1791018387,my-rtb-ad-manager-1,0.90
1791018387,my-rtb-schema-registry-1,1.51
1791018387,my-rtb-postgres-1,23.20
1791018387,my-rtb-redis-1,31.26
1791018387,my-rtb-kafka-1,19.35
1791018390,my-rtb-log-consumer-1,21.44
1791018390,my-rtb-bidder-1,222.00
1791018390,my-rtb-ad-manager-1,0.55
1791018390,my-rtb-schema-registry-1,2.22
1791018390,my-rtb-postgres-1,2.78
1791018390,my-rtb-redis-1,34.40
1791018390,my-rtb-kafka-1,16.14
1791018392,my-rtb-log-consumer-1,11.30
1791018392,my-rtb-bidder-1,195.89
1791018392,my-rtb-ad-manager-1,0.21
1791018392,my-rtb-schema-registry-1,1.39
1791018392,my-rtb-postgres-1,9.88
1791018392,my-rtb-redis-1,31.84
1791018392,my-rtb-kafka-1,8.30
1791018394,my-rtb-log-consumer-1,22.66
1791018394,my-rtb-bidder-1,188.87
1791018394,my-rtb-ad-manager-1,0.23
1791018394,my-rtb-schema-registry-1,0.64
1791018394,my-rtb-postgres-1,28.91
1791018394,my-rtb-redis-1,25.80
1791018394,my-rtb-kafka-1,9.33
1791018396,my-rtb-log-consumer-1,24.21
1791018396,my-rtb-bidder-1,207.12
1791018396,my-rtb-ad-manager-1,0.78
1791018396,my-rtb-schema-registry-1,0.83
1791018396,my-rtb-postgres-1,16.30
1791018396,my-rtb-redis-1,24.72
1791018396,my-rtb-kafka-1,16.23
1791018398,my-rtb-log-consumer-1,28.72
1791018398,my-rtb-bidder-1,200.17
1791018398,my-rtb-ad-manager-1,0.58
1791018398,my-rtb-schema-registry-1,0.94
1791018398,my-rtb-postgres-1,24.73
1791018398,my-rtb-redis-1,29.76
1791018398,my-rtb-kafka-1,18.79
1791018400,my-rtb-log-consumer-1,12.76
1791018400,my-rtb-bidder-1,192.85
1791018400,my-rtb-ad-manager-1,0.16
1791018400,my-rtb-schema-registry-1,0.58
1791018400,my-rtb-postgres-1,12.10
1791018400,my-rtb-redis-1,22.62
1791018400,my-rtb-kafka-1,17.01
1791018402,my-rtb-log-consumer-1,20.22
1791018402,my-rtb-bidder-1,180.23
1791018402,my-rtb-ad-manager-1,0.12
1791018402,my-rtb-schema-registry-1,0.36
1791018402,my-rtb-postgres-1,18.51
1791018402,my-rtb-redis-1,25.42
1791018402,my-rtb-kafka-1,8.68
1791018404,my-rtb-log-consumer-1,26.52
1791018404,my-rtb-bidder-1,190.72
1791018404,my-rtb-ad-manager-1,0.15
1791018404,my-rtb-schema-registry-1,0.39
1791018404,my-rtb-postgres-1,25.03
1791018404,my-rtb-redis-1,26.98
1791018404,my-rtb-kafka-1,14.47
1791018406,my-rtb-log-consumer-1,26.51
1791018406,my-rtb-bidder-1,143.24
1791018406,my-rtb-ad-manager-1,0.65
1791018406,my-rtb-schema-registry-1,0.28
1791018406,my-rtb-postgres-1,16.84
1791018406,my-rtb-redis-1,28.27
1791018406,my-rtb-kafka-1,37.88
1791018408,my-rtb-log-consumer-1,21.53
1791018408,my-rtb-bidder-1,195.90
1791018408,my-rtb-ad-manager-1,0.22
1791018408,my-rtb-schema-registry-1,0.51
1791018408,my-rtb-postgres-1,18.72
1791018408,my-rtb-redis-1,30.89
1791018408,my-rtb-kafka-1,11.01
1791018410,my-rtb-log-consumer-1,11.20
1791018410,my-rtb-bidder-1,203.22
1791018410,my-rtb-ad-manager-1,0.24
1791018410,my-rtb-schema-registry-1,0.61
1791018410,my-rtb-postgres-1,9.80
1791018410,my-rtb-redis-1,24.14
1791018410,my-rtb-kafka-1,8.69
1791018412,my-rtb-log-consumer-1,23.50
1791018412,my-rtb-bidder-1,228.24
1791018412,my-rtb-ad-manager-1,3.31
1791018412,my-rtb-schema-registry-1,1.97
1791018412,my-rtb-postgres-1,19.32
1791018412,my-rtb-redis-1,41.15
1791018412,my-rtb-kafka-1,21.80
1791018414,my-rtb-log-consumer-1,28.02
1791018414,my-rtb-bidder-1,199.51
1791018414,my-rtb-ad-manager-1,0.18
1791018414,my-rtb-schema-registry-1,1.17
1791018414,my-rtb-postgres-1,26.87
1791018414,my-rtb-redis-1,31.63
1791018414,my-rtb-kafka-1,8.87
1791018416,my-rtb-log-consumer-1,27.99
1791018416,my-rtb-bidder-1,183.94
1791018416,my-rtb-ad-manager-1,0.58
1791018416,my-rtb-schema-registry-1,0.38
1791018416,my-rtb-postgres-1,28.23
1791018416,my-rtb-redis-1,26.94
1791018416,my-rtb-kafka-1,6.30
1791018418,my-rtb-log-consumer-1,17.04
1791018418,my-rtb-bidder-1,179.52
1791018418,my-rtb-ad-manager-1,0.11
1791018418,my-rtb-schema-registry-1,0.26
1791018418,my-rtb-postgres-1,16.29
1791018418,my-rtb-redis-1,23.95
1791018418,my-rtb-kafka-1,10.02
1791018421,my-rtb-log-consumer-1,18.93
1791018421,my-rtb-bidder-1,190.55
1791018421,my-rtb-ad-manager-1,0.18
1791018421,my-rtb-schema-registry-1,0.55
1791018421,my-rtb-postgres-1,18.42
1791018421,my-rtb-redis-1,26.20
1791018421,my-rtb-kafka-1,13.25
1791018423,my-rtb-log-consumer-1,26.77
1791018423,my-rtb-bidder-1,193.58
1791018423,my-rtb-ad-manager-1,0.22
1791018423,my-rtb-schema-registry-1,1.01
1791018423,my-rtb-postgres-1,24.75
1791018423,my-rtb-redis-1,30.93
1791018423,my-rtb-kafka-1,10.54
1791018425,my-rtb-log-consumer-1,10.40
1791018425,my-rtb-bidder-1,204.20
1791018425,my-rtb-ad-manager-1,0.97
1791018425,my-rtb-schema-registry-1,0.83
1791018425,my-rtb-postgres-1,8.57
1791018425,my-rtb-redis-1,28.48
1791018425,my-rtb-kafka-1,9.14
1791018427,my-rtb-log-consumer-1,24.39
1791018427,my-rtb-bidder-1,195.71
1791018427,my-rtb-ad-manager-1,0.37
1791018427,my-rtb-schema-registry-1,0.58
1791018427,my-rtb-postgres-1,24.08
1791018427,my-rtb-redis-1,20.19
1791018427,my-rtb-kafka-1,12.19
1791018429,my-rtb-log-consumer-1,12.84
1791018429,my-rtb-bidder-1,204.90
1791018429,my-rtb-ad-manager-1,0.25
1791018429,my-rtb-schema-registry-1,0.70
1791018429,my-rtb-postgres-1,9.42
1791018429,my-rtb-redis-1,19.00
1791018429,my-rtb-kafka-1,6.90
1791018431,my-rtb-log-consumer-1,18.25
1791018431,my-rtb-bidder-1,210.00
1791018431,my-rtb-ad-manager-1,0.47
1791018431,my-rtb-schema-registry-1,0.86
1791018431,my-rtb-postgres-1,17.89
1791018431,my-rtb-redis-1,21.34
1791018431,my-rtb-kafka-1,7.32
1791018433,my-rtb-log-consumer-1,18.96
1791018433,my-rtb-bidder-1,199.98
1791018433,my-rtb-ad-manager-1,0.13
1791018433,my-rtb-schema-registry-1,0.37
1791018433,my-rtb-postgres-1,18.47
1791018433,my-rtb-redis-1,18.25
1791018433,my-rtb-kafka-1,9.71
1791018435,my-rtb-log-consumer-1,27.01
1791018435,my-rtb-bidder-1,186.11
1791018435,my-rtb-ad-manager-1,0.12
1791018435,my-rtb-schema-registry-1,0.28
1791018435,my-rtb-postgres-1,26.23
1791018435,my-rtb-redis-1,27.81
1791018435,my-rtb-kafka-1,10.20
1791018437,my-rtb-log-consumer-1,26.30
1791018437,my-rtb-bidder-1,139.34
1791018437,my-rtb-ad-manager-1,0.12
1791018437,my-rtb-schema-registry-1,0.31
1791018437,my-rtb-postgres-1,17.16
1791018437,my-rtb-redis-1,27.28
1791018437,my-rtb-kafka-1,39.10
1791018439,my-rtb-log-consumer-1,27.56
1791018439,my-rtb-bidder-1,166.75
1791018439,my-rtb-ad-manager-1,0.13
1791018439,my-rtb-schema-registry-1,0.27
1791018439,my-rtb-postgres-1,19.38
1791018439,my-rtb-redis-1,30.01
1791018439,my-rtb-kafka-1,39.72
1791018441,my-rtb-log-consumer-1,21.69
1791018441,my-rtb-bidder-1,193.68
1791018441,my-rtb-ad-manager-1,1.70
1791018441,my-rtb-schema-registry-1,12.35
1791018441,my-rtb-postgres-1,16.91
1791018441,my-rtb-redis-1,107.01
1791018441,my-rtb-kafka-1,11.80
1791018443,my-rtb-log-consumer-1,20.87
1791018443,my-rtb-bidder-1,188.79
1791018443,my-rtb-ad-manager-1,0.13
1791018443,my-rtb-schema-registry-1,0.33
1791018443,my-rtb-postgres-1,20.08
1791018443,my-rtb-redis-1,26.04
1791018443,my-rtb-kafka-1,7.81
1791018445,my-rtb-log-consumer-1,11.15
1791018445,my-rtb-bidder-1,130.96
1791018445,my-rtb-ad-manager-1,0.14
1791018445,my-rtb-schema-registry-1,0.26
1791018445,my-rtb-postgres-1,8.90
1791018445,my-rtb-redis-1,14.10
1791018445,my-rtb-kafka-1,11.08
1791018447,my-rtb-log-consumer-1,21.14
1791018447,my-rtb-bidder-1,205.84
1791018447,my-rtb-ad-manager-1,0.20
1791018447,my-rtb-schema-registry-1,2.60
1791018447,my-rtb-postgres-1,17.95
1791018447,my-rtb-redis-1,27.13
1791018447,my-rtb-kafka-1,10.50
1791018449,my-rtb-log-consumer-1,25.14
1791018449,my-rtb-bidder-1,185.32
1791018449,my-rtb-ad-manager-1,0.25
1791018449,my-rtb-schema-registry-1,0.55
1791018449,my-rtb-postgres-1,22.44
1791018449,my-rtb-redis-1,32.16
1791018449,my-rtb-kafka-1,13.60
1791018451,my-rtb-log-consumer-1,25.67
1791018451,my-rtb-bidder-1,188.09
1791018451,my-rtb-ad-manager-1,0.16
1791018451,my-rtb-schema-registry-1,0.34
1791018451,my-rtb-postgres-1,24.42
1791018451,my-rtb-redis-1,31.12
1791018451,my-rtb-kafka-1,9.11
1791018453,my-rtb-log-consumer-1,21.26
1791018453,my-rtb-bidder-1,194.63
1791018453,my-rtb-ad-manager-1,0.17
1791018453,my-rtb-schema-registry-1,0.68
1791018453,my-rtb-postgres-1,18.85
1791018453,my-rtb-redis-1,27.40
1791018453,my-rtb-kafka-1,10.62
1791018455,my-rtb-log-consumer-1,29.51
1791018455,my-rtb-bidder-1,193.03
1791018455,my-rtb-ad-manager-1,0.12
1791018455,my-rtb-schema-registry-1,0.29
1791018455,my-rtb-postgres-1,28.84
1791018455,my-rtb-redis-1,28.58
1791018455,my-rtb-kafka-1,23.68
1791018457,my-rtb-log-consumer-1,28.61
1791018457,my-rtb-bidder-1,178.95
1791018457,my-rtb-ad-manager-1,0.14
1791018457,my-rtb-schema-registry-1,0.29
1791018457,my-rtb-postgres-1,19.85
1791018457,my-rtb-redis-1,32.14
1791018457,my-rtb-kafka-1,40.65
1791018459,my-rtb-log-consumer-1,20.22
1791018459,my-rtb-bidder-1,207.21
1791018459,my-rtb-ad-manager-1,0.33
1791018459,my-rtb-schema-registry-1,0.90
1791018459,my-rtb-postgres-1,14.58
1791018459,my-rtb-redis-1,37.74
1791018459,my-rtb-kafka-1,11.79
1791018461,my-rtb-log-consumer-1,25.11
1791018461,my-rtb-bidder-1,185.52
1791018461,my-rtb-ad-manager-1,0.21
1791018461,my-rtb-schema-registry-1,0.59
1791018461,my-rtb-postgres-1,24.48
1791018461,my-rtb-redis-1,35.05
1791018461,my-rtb-kafka-1,17.71
1791018463,my-rtb-log-consumer-1,28.83
1791018463,my-rtb-bidder-1,179.07
1791018463,my-rtb-ad-manager-1,0.17
1791018463,my-rtb-schema-registry-1,0.42
1791018463,my-rtb-postgres-1,28.40
1791018463,my-rtb-redis-1,33.54
1791018463,my-rtb-kafka-1,25.09
1791018465,my-rtb-log-consumer-1,42.01
1791018465,my-rtb-bidder-1,227.29
1791018465,my-rtb-ad-manager-1,0.75
1791018465,my-rtb-schema-registry-1,35.37
1791018465,my-rtb-postgres-1,30.26
1791018465,my-rtb-redis-1,28.99
1791018465,my-rtb-kafka-1,31.72
1791018467,my-rtb-log-consumer-1,6.95
1791018467,my-rtb-bidder-1,188.64
1791018467,my-rtb-ad-manager-1,0.26
1791018467,my-rtb-schema-registry-1,0.62
1791018467,my-rtb-postgres-1,4.80
1791018467,my-rtb-redis-1,36.15
1791018467,my-rtb-kafka-1,4.83
1791018470,my-rtb-log-consumer-1,18.43
1791018470,my-rtb-bidder-1,193.28
1791018470,my-rtb-ad-manager-1,0.25
1791018470,my-rtb-schema-registry-1,0.48
1791018470,my-rtb-postgres-1,14.89
1791018470,my-rtb-redis-1,30.33
1791018470,my-rtb-kafka-1,12.12
1791018472,my-rtb-log-consumer-1,25.50
1791018472,my-rtb-bidder-1,207.39
1791018472,my-rtb-ad-manager-1,0.13
1791018472,my-rtb-schema-registry-1,0.52
1791018472,my-rtb-postgres-1,25.46
1791018472,my-rtb-redis-1,19.31
1791018472,my-rtb-kafka-1,7.95
1791018474,my-rtb-log-consumer-1,23.09
1791018474,my-rtb-bidder-1,204.36
1791018474,my-rtb-ad-manager-1,0.22
1791018474,my-rtb-schema-registry-1,0.83
1791018474,my-rtb-postgres-1,22.40
1791018474,my-rtb-redis-1,26.27
1791018474,my-rtb-kafka-1,16.01
1791018476,my-rtb-log-consumer-1,19.39
1791018476,my-rtb-bidder-1,193.88
1791018476,my-rtb-ad-manager-1,1.25
1791018476,my-rtb-schema-registry-1,1.97
1791018476,my-rtb-postgres-1,17.81
1791018476,my-rtb-redis-1,24.63
1791018476,my-rtb-kafka-1,8.87
1791018478,my-rtb-log-consumer-1,28.72
1791018478,my-rtb-bidder-1,195.54
1791018478,my-rtb-ad-manager-1,0.18
1791018478,my-rtb-schema-registry-1,0.45
1791018478,my-rtb-postgres-1,27.54
1791018478,my-rtb-redis-1,22.81
1791018478,my-rtb-kafka-1,10.70
1791018480,my-rtb-log-consumer-1,12.97
1791018480,my-rtb-bidder-1,178.58
1791018480,my-rtb-ad-manager-1,0.16
1791018480,my-rtb-schema-registry-1,0.31
1791018480,my-rtb-postgres-1,10.88
1791018480,my-rtb-redis-1,20.38
1791018480,my-rtb-kafka-1,6.88
1791018482,my-rtb-log-consumer-1,19.72
1791018482,my-rtb-bidder-1,193.71
1791018482,my-rtb-ad-manager-1,0.13
1791018482,my-rtb-schema-registry-1,1.12
1791018482,my-rtb-postgres-1,19.42
1791018482,my-rtb-redis-1,25.38
1791018482,my-rtb-kafka-1,5.88
1791018484,my-rtb-log-consumer-1,12.63
1791018484,my-rtb-bidder-1,212.83
1791018484,my-rtb-ad-manager-1,4.23
1791018484,my-rtb-schema-registry-1,1.74
1791018484,my-rtb-postgres-1,8.73
1791018484,my-rtb-redis-1,22.76
1791018484,my-rtb-kafka-1,12.47
1791018486,my-rtb-log-consumer-1,17.54
1791018486,my-rtb-bidder-1,194.09
1791018486,my-rtb-ad-manager-1,1.23
1791018486,my-rtb-schema-registry-1,0.73
1791018486,my-rtb-postgres-1,16.60
1791018486,my-rtb-redis-1,21.98
1791018486,my-rtb-kafka-1,7.30
1791018488,my-rtb-log-consumer-1,15.46
1791018488,my-rtb-bidder-1,203.82
1791018488,my-rtb-ad-manager-1,0.18
1791018488,my-rtb-schema-registry-1,0.35
1791018488,my-rtb-postgres-1,14.39
1791018488,my-rtb-redis-1,19.67
1791018488,my-rtb-kafka-1,8.84
1791018490,my-rtb-log-consumer-1,26.73
1791018490,my-rtb-bidder-1,202.86
1791018490,my-rtb-ad-manager-1,0.14
1791018490,my-rtb-schema-registry-1,0.30
1791018490,my-rtb-postgres-1,27.20
1791018490,my-rtb-redis-1,26.63
1791018490,my-rtb-kafka-1,11.07
1791018492,my-rtb-log-consumer-1,17.95
1791018492,my-rtb-bidder-1,203.24
1791018492,my-rtb-ad-manager-1,0.17
1791018492,my-rtb-schema-registry-1,1.82
1791018492,my-rtb-postgres-1,18.62
1791018492,my-rtb-redis-1,22.76
1791018492,my-rtb-kafka-1,8.11
1791018494,my-rtb-log-consumer-1,30.06
1791018494,my-rtb-bidder-1,168.01
1791018494,my-rtb-ad-manager-1,0.14
1791018494,my-rtb-schema-registry-1,0.33
1791018494,my-rtb-postgres-1,26.60
1791018494,my-rtb-redis-1,31.26
1791018494,my-rtb-kafka-1,23.46
1791018496,my-rtb-log-consumer-1,24.51
1791018496,my-rtb-bidder-1,169.18
1791018496,my-rtb-ad-manager-1,0.38
1791018496,my-rtb-schema-registry-1,0.42
1791018496,my-rtb-postgres-1,16.66
1791018496,my-rtb-redis-1,35.06
1791018496,my-rtb-kafka-1,32.78
1791018498,my-rtb-log-consumer-1,30.10
1791018498,my-rtb-bidder-1,186.36
1791018498,my-rtb-ad-manager-1,0.17
1791018498,my-rtb-schema-registry-1,0.38
1791018498,my-rtb-postgres-1,25.62
1791018498,my-rtb-redis-1,33.13
1791018498,my-rtb-kafka-1,33.65
1791018500,my-rtb-log-consumer-1,28.88
1791018500,my-rtb-bidder-1,141.03
1791018500,my-rtb-ad-manager-1,0.12
1791018500,my-rtb-schema-registry-1,0.25
1791018500,my-rtb-postgres-1,16.38
1791018500,my-rtb-redis-1,27.92
1791018500,my-rtb-kafka-1,41.63
1791018502,my-rtb-log-consumer-1,27.67
1791018502,my-rtb-bidder-1,169.96
1791018502,my-rtb-ad-manager-1,0.14
1791018502,my-rtb-schema-registry-1,0.34
1791018502,my-rtb-postgres-1,23.68
1791018502,my-rtb-redis-1,46.31
1791018502,my-rtb-kafka-1,25.18
1791018504,my-rtb-log-consumer-1,27.71
1791018504,my-rtb-bidder-1,181.20
1791018504,my-rtb-ad-manager-1,0.21
1791018504,my-rtb-schema-registry-1,0.53
1791018504,my-rtb-postgres-1,24.54
1791018504,my-rtb-redis-1,102.98
1791018504,my-rtb-kafka-1,13.00
1791018506,my-rtb-log-consumer-1,14.83
1791018506,my-rtb-bidder-1,144.72
1791018506,my-rtb-ad-manager-1,0.36
1791018506,my-rtb-schema-registry-1,0.35
1791018506,my-rtb-postgres-1,12.13
1791018506,my-rtb-redis-1,19.27
1791018506,my-rtb-kafka-1,14.88
1791018508,my-rtb-log-consumer-1,31.18
1791018508,my-rtb-bidder-1,173.85
1791018508,my-rtb-ad-manager-1,0.13
1791018508,my-rtb-schema-registry-1,0.33
1791018508,my-rtb-postgres-1,24.66
1791018508,my-rtb-redis-1,32.46
1791018508,my-rtb-kafka-1,37.51
1791018510,my-rtb-log-consumer-1,29.60
1791018510,my-rtb-bidder-1,157.52
1791018510,my-rtb-ad-manager-1,0.14
1791018510,my-rtb-schema-registry-1,0.30
1791018510,my-rtb-postgres-1,19.14
1791018510,my-rtb-redis-1,29.48
1791018510,my-rtb-kafka-1,42.12
1791018512,my-rtb-log-consumer-1,26.74
1791018512,my-rtb-bidder-1,183.25
1791018512,my-rtb-ad-manager-1,0.18
1791018512,my-rtb-schema-registry-1,1.23
1791018512,my-rtb-postgres-1,63.37
1791018512,my-rtb-redis-1,30.68
1791018512,my-rtb-kafka-1,36.41
1791018514,my-rtb-log-consumer-1,25.66
1791018514,my-rtb-bidder-1,127.81
1791018514,my-rtb-ad-manager-1,0.11
1791018514,my-rtb-schema-registry-1,0.36
1791018514,my-rtb-postgres-1,15.16
1791018514,my-rtb-redis-1,26.97
1791018514,my-rtb-kafka-1,44.56
1791018516,my-rtb-log-consumer-1,25.59
1791018516,my-rtb-bidder-1,149.33
1791018516,my-rtb-ad-manager-1,0.42
1791018516,my-rtb-schema-registry-1,0.78
1791018516,my-rtb-postgres-1,16.73
1791018516,my-rtb-redis-1,26.61
1791018516,my-rtb-kafka-1,34.83
1791018518,my-rtb-log-consumer-1,29.50
1791018518,my-rtb-bidder-1,149.37
1791018518,my-rtb-ad-manager-1,0.13
1791018518,my-rtb-schema-registry-1,0.37
1791018518,my-rtb-postgres-1,18.43
1791018518,my-rtb-redis-1,28.62
1791018518,my-rtb-kafka-1,43.97
1791018520,my-rtb-log-consumer-1,25.38
1791018520,my-rtb-bidder-1,131.62
1791018520,my-rtb-ad-manager-1,0.21
1791018520,my-rtb-schema-registry-1,0.40
1791018520,my-rtb-postgres-1,15.50
1791018520,my-rtb-redis-1,25.21
1791018520,my-rtb-kafka-1,39.46
1791018523,my-rtb-log-consumer-1,25.54
1791018523,my-rtb-bidder-1,132.47
1791018523,my-rtb-ad-manager-1,0.12
1791018523,my-rtb-schema-registry-1,0.47
1791018523,my-rtb-postgres-1,15.04
1791018523,my-rtb-redis-1,25.17
1791018523,my-rtb-kafka-1,38.42
1791018525,my-rtb-log-consumer-1,25.97
1791018525,my-rtb-bidder-1,134.64
1791018525,my-rtb-ad-manager-1,0.11
1791018525,my-rtb-schema-registry-1,0.27
1791018525,my-rtb-postgres-1,15.30
1791018525,my-rtb-redis-1,25.43
1791018525,my-rtb-kafka-1,37.57
1791018527,my-rtb-log-consumer-1,23.78
1791018527,my-rtb-bidder-1,150.78
1791018527,my-rtb-ad-manager-1,0.12
1791018527,my-rtb-schema-registry-1,0.24
1791018527,my-rtb-postgres-1,14.98
1791018527,my-rtb-redis-1,27.44
1791018527,my-rtb-kafka-1,36.74
1791018529,my-rtb-log-consumer-1,25.51
1791018529,my-rtb-bidder-1,202.09
1791018529,my-rtb-ad-manager-1,0.13
1791018529,my-rtb-schema-registry-1,0.47
1791018529,my-rtb-postgres-1,24.60
1791018529,my-rtb-redis-1,28.55
1791018529,my-rtb-kafka-1,16.03
1791018531,my-rtb-log-consumer-1,34.96
1791018531,my-rtb-bidder-1,186.19
1791018531,my-rtb-ad-manager-1,0.15
1791018531,my-rtb-schema-registry-1,1.00
1791018531,my-rtb-postgres-1,17.13
1791018531,my-rtb-redis-1,34.90
1791018531,my-rtb-kafka-1,34.26
1791018533,my-rtb-log-consumer-1,32.24
1791018533,my-rtb-bidder-1,172.05
1791018533,my-rtb-ad-manager-1,0.17
1791018533,my-rtb-schema-registry-1,0.51
1791018533,my-rtb-postgres-1,23.01
1791018533,my-rtb-redis-1,31.28
1791018533,my-rtb-kafka-1,37.45
1791018535,my-rtb-log-consumer-1,28.15
1791018535,my-rtb-bidder-1,161.50
1791018535,my-rtb-ad-manager-1,0.12
1791018535,my-rtb-schema-registry-1,0.33
1791018535,my-rtb-postgres-1,18.55
1791018535,my-rtb-redis-1,31.36
1791018535,my-rtb-kafka-1,37.84
1791018537,my-rtb-log-consumer-1,24.15
1791018537,my-rtb-bidder-1,114.03
1791018537,my-rtb-ad-manager-1,0.12
1791018537,my-rtb-schema-registry-1,0.30
1791018537,my-rtb-postgres-1,13.67
1791018537,my-rtb-redis-1,22.99
1791018537,my-rtb-kafka-1,33.81
1791018539,my-rtb-log-consumer-1,32.02
1791018539,my-rtb-bidder-1,179.18
1791018539,my-rtb-ad-manager-1,0.15
1791018539,my-rtb-schema-registry-1,0.28
1791018539,my-rtb-postgres-1,23.97
1791018539,my-rtb-redis-1,33.77
1791018539,my-rtb-kafka-1,47.22
1791018541,my-rtb-log-consumer-1,7.38
1791018541,my-rtb-bidder-1,208.13
1791018541,my-rtb-ad-manager-1,0.27
1791018541,my-rtb-schema-registry-1,0.84
1791018541,my-rtb-postgres-1,6.85
1791018541,my-rtb-redis-1,37.82
1791018541,my-rtb-kafka-1,9.41
1791018543,my-rtb-log-consumer-1,20.83
1791018543,my-rtb-bidder-1,194.62
1791018543,my-rtb-ad-manager-1,0.20
1791018543,my-rtb-schema-registry-1,0.41
1791018543,my-rtb-postgres-1,19.87
1791018543,my-rtb-redis-1,30.54
1791018543,my-rtb-kafka-1,9.06
1791018545,my-rtb-log-consumer-1,26.70
1791018545,my-rtb-bidder-1,203.16
1791018545,my-rtb-ad-manager-1,0.12
1791018545,my-rtb-schema-registry-1,0.28
1791018545,my-rtb-postgres-1,26.04
1791018545,my-rtb-redis-1,25.22
1791018545,my-rtb-kafka-1,12.68
1791018547,my-rtb-log-consumer-1,28.67
1791018547,my-rtb-bidder-1,142.80
1791018547,my-rtb-ad-manager-1,0.21
1791018547,my-rtb-schema-registry-1,0.31
1791018547,my-rtb-postgres-1,16.32
1791018547,my-rtb-redis-1,29.65
1791018547,my-rtb-kafka-1,45.04
1791018549,my-rtb-log-consumer-1,29.18
1791018549,my-rtb-bidder-1,183.36
1791018549,my-rtb-ad-manager-1,0.18
1791018549,my-rtb-schema-registry-1,0.56
1791018549,my-rtb-postgres-1,21.03
1791018549,my-rtb-redis-1,33.56
1791018549,my-rtb-kafka-1,37.34
1791018551,my-rtb-log-consumer-1,27.36
1791018551,my-rtb-bidder-1,187.85
1791018551,my-rtb-ad-manager-1,0.17
1791018551,my-rtb-schema-registry-1,0.64
1791018551,my-rtb-postgres-1,26.14
1791018551,my-rtb-redis-1,34.81
1791018551,my-rtb-kafka-1,19.34
1791018553,my-rtb-log-consumer-1,28.06
1791018553,my-rtb-bidder-1,150.36
1791018553,my-rtb-ad-manager-1,0.14
1791018553,my-rtb-schema-registry-1,0.36
1791018553,my-rtb-postgres-1,18.83
1791018553,my-rtb-redis-1,29.49
1791018553,my-rtb-kafka-1,34.74
1791018555,my-rtb-log-consumer-1,29.04
1791018555,my-rtb-bidder-1,160.89
1791018555,my-rtb-ad-manager-1,0.15
1791018555,my-rtb-schema-registry-1,0.35
1791018555,my-rtb-postgres-1,17.20
1791018555,my-rtb-redis-1,29.07
1791018555,my-rtb-kafka-1,36.30
1791018557,my-rtb-log-consumer-1,29.79
1791018557,my-rtb-bidder-1,169.04
1791018557,my-rtb-ad-manager-1,0.12
1791018557,my-rtb-schema-registry-1,0.63
1791018557,my-rtb-postgres-1,21.11
1791018557,my-rtb-redis-1,31.28
1791018557,my-rtb-kafka-1,34.90
1791018559,my-rtb-log-consumer-1,25.80
1791018559,my-rtb-bidder-1,180.24
1791018559,my-rtb-ad-manager-1,0.14
1791018559,my-rtb-schema-registry-1,0.32
1791018559,my-rtb-postgres-1,22.22
1791018559,my-rtb-redis-1,28.92
1791018559,my-rtb-kafka-1,26.99
1791018561,my-rtb-log-consumer-1,11.39
1791018561,my-rtb-bidder-1,191.95
1791018561,my-rtb-ad-manager-1,0.33
1791018561,my-rtb-schema-registry-1,0.94
1791018561,my-rtb-postgres-1,6.33
1791018561,my-rtb-redis-1,33.96
1791018561,my-rtb-kafka-1,13.06
1791018563,my-rtb-log-consumer-1,26.13
1791018563,my-rtb-bidder-1,190.09
1791018563,my-rtb-ad-manager-1,0.21
1791018563,my-rtb-schema-registry-1,0.39
1791018563,my-rtb-postgres-1,26.92
1791018563,my-rtb-redis-1,35.13
1791018563,my-rtb-kafka-1,13.41
1791018565,my-rtb-log-consumer-1,27.85
1791018565,my-rtb-bidder-1,172.41
1791018565,my-rtb-ad-manager-1,0.18
1791018565,my-rtb-schema-registry-1,0.42
1791018565,my-rtb-postgres-1,20.17
1791018565,my-rtb-redis-1,45.74
1791018565,my-rtb-kafka-1,26.60
1791018567,my-rtb-log-consumer-1,12.59
1791018567,my-rtb-bidder-1,81.32
1791018567,my-rtb-ad-manager-1,0.18
1791018567,my-rtb-schema-registry-1,0.62
1791018567,my-rtb-postgres-1,11.50
1791018567,my-rtb-redis-1,102.63
1791018567,my-rtb-kafka-1,5.12
1791018569,my-rtb-log-consumer-1,33.60
1791018569,my-rtb-bidder-1,195.30
1791018569,my-rtb-ad-manager-1,0.50
1791018569,my-rtb-schema-registry-1,3.16
1791018569,my-rtb-postgres-1,24.37
1791018569,my-rtb-redis-1,34.36
1791018569,my-rtb-kafka-1,29.50
1791018571,my-rtb-log-consumer-1,26.93
1791018571,my-rtb-bidder-1,181.94
1791018571,my-rtb-ad-manager-1,0.44
1791018571,my-rtb-schema-registry-1,0.42
1791018571,my-rtb-postgres-1,22.51
1791018571,my-rtb-redis-1,37.09
1791018571,my-rtb-kafka-1,27.26
1791018573,my-rtb-log-consumer-1,25.01
1791018573,my-rtb-bidder-1,189.19
1791018573,my-rtb-ad-manager-1,0.19
1791018573,my-rtb-schema-registry-1,0.73
1791018573,my-rtb-postgres-1,21.16
1791018573,my-rtb-redis-1,40.76
1791018573,my-rtb-kafka-1,20.11
1791018575,my-rtb-log-consumer-1,30.47
1791018575,my-rtb-bidder-1,184.08
1791018575,my-rtb-ad-manager-1,0.17
1791018575,my-rtb-schema-registry-1,0.39
1791018575,my-rtb-postgres-1,22.03
1791018575,my-rtb-redis-1,36.02
1791018575,my-rtb-kafka-1,46.61
1791018577,my-rtb-log-consumer-1,13.81
1791018577,my-rtb-bidder-1,182.61
1791018577,my-rtb-ad-manager-1,0.25
1791018577,my-rtb-schema-registry-1,0.51
1791018577,my-rtb-postgres-1,12.32
1791018577,my-rtb-redis-1,33.11
1791018577,my-rtb-kafka-1,8.87
1791018579,my-rtb-log-consumer-1,29.18
1791018579,my-rtb-bidder-1,193.77
1791018579,my-rtb-ad-manager-1,0.21
1791018579,my-rtb-schema-registry-1,0.92
1791018579,my-rtb-postgres-1,24.20
1791018579,my-rtb-redis-1,33.37
1791018579,my-rtb-kafka-1,21.48
1791018581,my-rtb-log-consumer-1,51.51
1791018581,my-rtb-bidder-1,311.99
1791018581,my-rtb-ad-manager-1,0.49
1791018581,my-rtb-schema-registry-1,5.36
1791018581,my-rtb-postgres-1,17.22
1791018581,my-rtb-redis-1,35.55
1791018581,my-rtb-kafka-1,38.20
1791018585,my-rtb-log-consumer-1,6.97
1791018585,my-rtb-bidder-1,178.97
1791018585,my-rtb-ad-manager-1,0.18
1791018585,my-rtb-schema-registry-1,0.86
1791018585,my-rtb-postgres-1,5.19
1791018585,my-rtb-redis-1,21.65
1791018585,my-rtb-kafka-1,5.58
1791018587,my-rtb-log-consumer-1,26.79
1791018587,my-rtb-bidder-1,195.36
1791018587,my-rtb-ad-manager-1,0.19
1791018587,my-rtb-schema-registry-1,0.42
1791018587,my-rtb-postgres-1,25.74
1791018587,my-rtb-redis-1,25.43
1791018587,my-rtb-kafka-1,5.88
1791018589,my-rtb-log-consumer-1,20.88
1791018589,my-rtb-bidder-1,189.08
1791018589,my-rtb-ad-manager-1,0.12
1791018589,my-rtb-schema-registry-1,0.30
1791018589,my-rtb-postgres-1,18.72
1791018589,my-rtb-redis-1,24.27
1791018589,my-rtb-kafka-1,9.66
1791018591,my-rtb-log-consumer-1,11.56
1791018591,my-rtb-bidder-1,185.72
1791018591,my-rtb-ad-manager-1,0.28
1791018591,my-rtb-schema-registry-1,0.53
1791018591,my-rtb-postgres-1,9.41
1791018591,my-rtb-redis-1,22.66
1791018591,my-rtb-kafka-1,6.19
1791018593,my-rtb-log-consumer-1,21.38
1791018593,my-rtb-bidder-1,198.10
1791018593,my-rtb-ad-manager-1,0.40
1791018593,my-rtb-schema-registry-1,0.65
1791018593,my-rtb-postgres-1,18.92
1791018593,my-rtb-redis-1,28.02
1791018593,my-rtb-kafka-1,11.51
1791018595,my-rtb-log-consumer-1,12.57
1791018595,my-rtb-bidder-1,199.93
1791018595,my-rtb-ad-manager-1,0.22
1791018595,my-rtb-schema-registry-1,0.51
1791018595,my-rtb-postgres-1,11.09
1791018595,my-rtb-redis-1,27.42
1791018595,my-rtb-kafka-1,9.78
1791018597,my-rtb-log-consumer-1,34.41
1791018597,my-rtb-bidder-1,199.01
1791018597,my-rtb-ad-manager-1,0.26
1791018597,my-rtb-schema-registry-1,0.42
1791018597,my-rtb-postgres-1,29.44
1791018597,my-rtb-redis-1,30.48
1791018597,my-rtb-kafka-1,24.90
1791018599,my-rtb-log-consumer-1,20.22
1791018599,my-rtb-bidder-1,190.16
1791018599,my-rtb-ad-manager-1,0.19
1791018599,my-rtb-schema-registry-1,0.51
1791018599,my-rtb-postgres-1,17.33
1791018599,my-rtb-redis-1,29.81
1791018599,my-rtb-kafka-1,12.14
1791018601,my-rtb-log-consumer-1,17.15
1791018601,my-rtb-bidder-1,207.92
1791018601,my-rtb-ad-manager-1,0.28
1791018601,my-rtb-schema-registry-1,1.26
1791018601,my-rtb-postgres-1,14.46
1791018601,my-rtb-redis-1,27.63
1791018601,my-rtb-kafka-1,8.45
1791018603,my-rtb-log-consumer-1,27.96
1791018603,my-rtb-bidder-1,198.15
1791018603,my-rtb-ad-manager-1,0.25
1791018603,my-rtb-schema-registry-1,0.48
1791018603,my-rtb-postgres-1,25.32
1791018603,my-rtb-redis-1,29.63
1791018603,my-rtb-kafka-1,14.13
1791018605,my-rtb-log-consumer-1,21.01
1791018605,my-rtb-bidder-1,198.20
1791018605,my-rtb-ad-manager-1,0.30
1791018605,my-rtb-schema-registry-1,0.43
1791018605,my-rtb-postgres-1,20.30
1791018605,my-rtb-redis-1,28.95
1791018605,my-rtb-kafka-1,12.31
1791018607,my-rtb-log-consumer-1,25.87
1791018607,my-rtb-bidder-1,176.20
1791018607,my-rtb-ad-manager-1,0.15
1791018607,my-rtb-schema-registry-1,0.24
1791018607,my-rtb-postgres-1,26.06
1791018607,my-rtb-redis-1,26.90
1791018607,my-rtb-kafka-1,13.37
1791018610,my-rtb-log-consumer-1,23.20
1791018610,my-rtb-bidder-1,193.10
1791018610,my-rtb-ad-manager-1,0.19
1791018610,my-rtb-schema-registry-1,0.47
1791018610,my-rtb-postgres-1,20.22
1791018610,my-rtb-redis-1,24.69
1791018610,my-rtb-kafka-1,11.77
1791018612,my-rtb-log-consumer-1,20.10
1791018612,my-rtb-bidder-1,197.99
1791018612,my-rtb-ad-manager-1,0.21
1791018612,my-rtb-schema-registry-1,0.37
1791018612,my-rtb-postgres-1,18.89
1791018612,my-rtb-redis-1,34.40
1791018612,my-rtb-kafka-1,10.70
1791018614,my-rtb-log-consumer-1,23.39
1791018614,my-rtb-bidder-1,196.43
1791018614,my-rtb-ad-manager-1,1.35
1791018614,my-rtb-schema-registry-1,6.97
1791018614,my-rtb-postgres-1,23.66
1791018614,my-rtb-redis-1,40.60
1791018614,my-rtb-kafka-1,22.32
1791018616,my-rtb-log-consumer-1,30.74
1791018616,my-rtb-bidder-1,193.44
1791018616,my-rtb-ad-manager-1,0.35
1791018616,my-rtb-schema-registry-1,0.46
1791018616,my-rtb-postgres-1,30.15
1791018616,my-rtb-redis-1,31.67
1791018616,my-rtb-kafka-1,13.10
1791018618,my-rtb-log-consumer-1,29.63
1791018618,my-rtb-bidder-1,193.42
1791018618,my-rtb-ad-manager-1,0.15
1791018618,my-rtb-schema-registry-1,0.30
1791018618,my-rtb-postgres-1,24.96
1791018618,my-rtb-redis-1,37.66
1791018618,my-rtb-kafka-1,25.40
1791018620,my-rtb-log-consumer-1,30.82
1791018620,my-rtb-bidder-1,152.75
1791018620,my-rtb-ad-manager-1,0.14
1791018620,my-rtb-schema-registry-1,0.25
1791018620,my-rtb-postgres-1,20.12
1791018620,my-rtb-redis-1,34.66
1791018620,my-rtb-kafka-1,46.41
1791018622,my-rtb-log-consumer-1,30.07
1791018622,my-rtb-bidder-1,176.34
1791018622,my-rtb-ad-manager-1,0.19
1791018622,my-rtb-schema-registry-1,0.94
1791018622,my-rtb-postgres-1,23.97
1791018622,my-rtb-redis-1,36.23
1791018622,my-rtb-kafka-1,30.43
1791018624,my-rtb-log-consumer-1,32.54
1791018624,my-rtb-bidder-1,179.55
1791018624,my-rtb-ad-manager-1,0.16
1791018624,my-rtb-schema-registry-1,0.49
1791018624,my-rtb-postgres-1,21.63
1791018624,my-rtb-redis-1,36.32
1791018624,my-rtb-kafka-1,45.19
1791018626,my-rtb-log-consumer-1,31.11
1791018626,my-rtb-bidder-1,173.96
1791018626,my-rtb-ad-manager-1,0.20
1791018626,my-rtb-schema-registry-1,0.30
1791018626,my-rtb-postgres-1,21.44
1791018626,my-rtb-redis-1,36.12
1791018626,my-rtb-kafka-1,44.50
1791018628,my-rtb-log-consumer-1,21.78
1791018628,my-rtb-bidder-1,119.17
1791018628,my-rtb-ad-manager-1,0.17
1791018628,my-rtb-schema-registry-1,1.09
1791018628,my-rtb-postgres-1,17.94
1791018628,my-rtb-redis-1,26.79
1791018628,my-rtb-kafka-1,31.48
1791018630,my-rtb-log-consumer-1,24.63
1791018630,my-rtb-bidder-1,145.91
1791018630,my-rtb-ad-manager-1,0.12
1791018630,my-rtb-schema-registry-1,0.58
1791018630,my-rtb-postgres-1,19.12
1791018630,my-rtb-redis-1,89.10
1791018630,my-rtb-kafka-1,28.96
1791018632,my-rtb-log-consumer-1,24.89
1791018632,my-rtb-bidder-1,186.51
1791018632,my-rtb-ad-manager-1,0.20
1791018632,my-rtb-schema-registry-1,0.62
1791018632,my-rtb-postgres-1,24.21
1791018632,my-rtb-redis-1,103.79
1791018632,my-rtb-kafka-1,26.38
1791018634,my-rtb-log-consumer-1,28.96
1791018634,my-rtb-bidder-1,197.95
1791018634,my-rtb-ad-manager-1,0.21
1791018634,my-rtb-schema-registry-1,0.55
1791018634,my-rtb-postgres-1,23.39
1791018634,my-rtb-redis-1,36.48
1791018634,my-rtb-kafka-1,13.26
1791018636,my-rtb-log-consumer-1,24.10
1791018636,my-rtb-bidder-1,181.33
1791018636,my-rtb-ad-manager-1,0.37
1791018636,my-rtb-schema-registry-1,0.33
1791018636,my-rtb-postgres-1,21.18
1791018636,my-rtb-redis-1,31.22
1791018636,my-rtb-kafka-1,18.84
1791018638,my-rtb-log-consumer-1,27.05
1791018638,my-rtb-bidder-1,179.52
1791018638,my-rtb-ad-manager-1,0.15
1791018638,my-rtb-schema-registry-1,0.33
1791018638,my-rtb-postgres-1,24.79
1791018638,my-rtb-redis-1,34.85
1791018638,my-rtb-kafka-1,18.72
1791018640,my-rtb-log-consumer-1,30.31
1791018640,my-rtb-bidder-1,155.45
1791018640,my-rtb-ad-manager-1,0.12
1791018640,my-rtb-schema-registry-1,0.32
1791018640,my-rtb-postgres-1,20.43
1791018640,my-rtb-redis-1,31.24
1791018640,my-rtb-kafka-1,44.07
1791018642,my-rtb-log-consumer-1,31.74
1791018642,my-rtb-bidder-1,169.24
1791018642,my-rtb-ad-manager-1,0.16
1791018642,my-rtb-schema-registry-1,0.40
1791018642,my-rtb-postgres-1,22.58
1791018642,my-rtb-redis-1,33.84
1791018642,my-rtb-kafka-1,41.86
1791018644,my-rtb-log-consumer-1,30.22
1791018644,my-rtb-bidder-1,158.74
1791018644,my-rtb-ad-manager-1,0.12
1791018644,my-rtb-schema-registry-1,0.31
1791018644,my-rtb-postgres-1,18.63
1791018644,my-rtb-redis-1,31.53
1791018644,my-rtb-kafka-1,42.13
1791018646,my-rtb-log-consumer-1,29.67
1791018646,my-rtb-bidder-1,144.09
1791018646,my-rtb-ad-manager-1,0.16
1791018646,my-rtb-schema-registry-1,0.31
1791018646,my-rtb-postgres-1,18.41
1791018646,my-rtb-redis-1,29.27
1791018646,my-rtb-kafka-1,42.00
1791018648,my-rtb-log-consumer-1,32.80
1791018648,my-rtb-bidder-1,180.05
1791018648,my-rtb-ad-manager-1,0.12
1791018648,my-rtb-schema-registry-1,0.37
1791018648,my-rtb-postgres-1,22.28
1791018648,my-rtb-redis-1,34.01
1791018648,my-rtb-kafka-1,43.83
1791018650,my-rtb-log-consumer-1,33.08
1791018650,my-rtb-bidder-1,169.51
1791018650,my-rtb-ad-manager-1,0.18
1791018650,my-rtb-schema-registry-1,0.32
1791018650,my-rtb-postgres-1,21.47
1791018650,my-rtb-redis-1,33.44
1791018650,my-rtb-kafka-1,46.81
1791018652,my-rtb-log-consumer-1,32.79
1791018652,my-rtb-bidder-1,179.00
1791018652,my-rtb-ad-manager-1,0.13
1791018652,my-rtb-schema-registry-1,0.31
1791018652,my-rtb-postgres-1,23.40
1791018652,my-rtb-redis-1,34.59
1791018652,my-rtb-kafka-1,40.23
1791018654,my-rtb-log-consumer-1,31.02
1791018654,my-rtb-bidder-1,167.35
1791018654,my-rtb-ad-manager-1,0.14
1791018654,my-rtb-schema-registry-1,0.53
1791018654,my-rtb-postgres-1,18.85
1791018654,my-rtb-redis-1,33.50
1791018654,my-rtb-kafka-1,37.13
1791018656,my-rtb-log-consumer-1,30.84
1791018656,my-rtb-bidder-1,171.18
1791018656,my-rtb-ad-manager-1,0.39
1791018656,my-rtb-schema-registry-1,0.34
1791018656,my-rtb-postgres-1,20.89
1791018656,my-rtb-redis-1,34.12
1791018656,my-rtb-kafka-1,46.25
1791018658,my-rtb-log-consumer-1,30.44
1791018658,my-rtb-bidder-1,171.77
1791018658,my-rtb-ad-manager-1,0.11
1791018658,my-rtb-schema-registry-1,0.32
1791018658,my-rtb-postgres-1,19.62
1791018658,my-rtb-redis-1,32.64
1791018658,my-rtb-kafka-1,41.10
1791018660,my-rtb-log-consumer-1,28.03
1791018660,my-rtb-bidder-1,180.11
1791018660,my-rtb-ad-manager-1,0.25
1791018660,my-rtb-schema-registry-1,0.68
1791018660,my-rtb-postgres-1,20.32
1791018660,my-rtb-redis-1,32.55
1791018660,my-rtb-kafka-1,30.58
1791018662,my-rtb-log-consumer-1,26.31
1791018662,my-rtb-bidder-1,210.04
1791018662,my-rtb-ad-manager-1,0.31
1791018662,my-rtb-schema-registry-1,1.60
1791018662,my-rtb-postgres-1,17.19
1791018662,my-rtb-redis-1,44.31
1791018662,my-rtb-kafka-1,12.23
1791018666,my-rtb-log-consumer-1,4.26
1791018666,my-rtb-bidder-1,207.52
1791018666,my-rtb-ad-manager-1,0.57
1791018666,my-rtb-schema-registry-1,0.98
1791018666,my-rtb-postgres-1,0.56
1791018666,my-rtb-redis-1,20.44
1791018666,my-rtb-kafka-1,8.59
1791018669,my-rtb-log-consumer-1,40.08
1791018669,my-rtb-bidder-1,223.90
1791018669,my-rtb-ad-manager-1,1.18
1791018669,my-rtb-schema-registry-1,3.28
1791018669,my-rtb-postgres-1,27.90
1791018669,my-rtb-redis-1,31.38
1791018669,my-rtb-kafka-1,19.35
1791018671,my-rtb-log-consumer-1,9.21
1791018671,my-rtb-bidder-1,194.22
1791018671,my-rtb-ad-manager-1,0.19
1791018671,my-rtb-schema-registry-1,0.39
1791018671,my-rtb-postgres-1,7.97
1791018671,my-rtb-redis-1,18.20
1791018671,my-rtb-kafka-1,6.72
1791018673,my-rtb-log-consumer-1,27.46
1791018673,my-rtb-bidder-1,213.20
1791018673,my-rtb-ad-manager-1,0.19
1791018673,my-rtb-schema-registry-1,0.50
1791018673,my-rtb-postgres-1,28.49
1791018673,my-rtb-redis-1,17.01
1791018673,my-rtb-kafka-1,10.39
1791018675,my-rtb-log-consumer-1,13.11
1791018675,my-rtb-bidder-1,201.00
1791018675,my-rtb-ad-manager-1,0.22
1791018675,my-rtb-schema-registry-1,0.82
1791018675,my-rtb-postgres-1,10.99
1791018675,my-rtb-redis-1,22.66
1791018675,my-rtb-kafka-1,8.41
1791018677,my-rtb-log-consumer-1,24.16
1791018677,my-rtb-bidder-1,216.17
1791018677,my-rtb-ad-manager-1,0.24
1791018677,my-rtb-schema-registry-1,1.28
1791018677,my-rtb-postgres-1,21.16
1791018677,my-rtb-redis-1,13.25
1791018677,my-rtb-kafka-1,42.25
1791018679,my-rtb-log-consumer-1,13.06
1791018679,my-rtb-bidder-1,195.07
1791018679,my-rtb-ad-manager-1,0.15
1791018679,my-rtb-schema-registry-1,0.40
1791018679,my-rtb-postgres-1,11.30
1791018679,my-rtb-redis-1,25.40
1791018679,my-rtb-kafka-1,7.59
1791018681,my-rtb-log-consumer-1,22.46
1791018681,my-rtb-bidder-1,193.75
1791018681,my-rtb-ad-manager-1,0.14
1791018681,my-rtb-schema-registry-1,0.31
1791018681,my-rtb-postgres-1,21.38
1791018681,my-rtb-redis-1,25.35
1791018681,my-rtb-kafka-1,8.58
1791018683,my-rtb-log-consumer-1,19.30
1791018683,my-rtb-bidder-1,199.41
1791018683,my-rtb-ad-manager-1,0.15
1791018683,my-rtb-schema-registry-1,0.25
1791018683,my-rtb-postgres-1,18.30
1791018683,my-rtb-redis-1,28.40
1791018683,my-rtb-kafka-1,7.90
1791018685,my-rtb-log-consumer-1,32.75
1791018685,my-rtb-bidder-1,198.59
1791018685,my-rtb-ad-manager-1,0.38
1791018685,my-rtb-schema-registry-1,0.87
1791018685,my-rtb-postgres-1,23.01
1791018685,my-rtb-redis-1,29.95
1791018685,my-rtb-kafka-1,21.44
1791018687,my-rtb-log-consumer-1,25.42
1791018687,my-rtb-bidder-1,208.87
1791018687,my-rtb-ad-manager-1,0.14
1791018687,my-rtb-schema-registry-1,0.57
1791018687,my-rtb-postgres-1,25.78
1791018687,my-rtb-redis-1,25.62
1791018687,my-rtb-kafka-1,11.41
1791018689,my-rtb-log-consumer-1,20.15
1791018689,my-rtb-bidder-1,204.29
1791018689,my-rtb-ad-manager-1,0.13
1791018689,my-rtb-schema-registry-1,0.31
1791018689,my-rtb-postgres-1,19.46
1791018689,my-rtb-redis-1,21.54
1791018689,my-rtb-kafka-1,8.13
1791018691,my-rtb-log-consumer-1,23.19
1791018691,my-rtb-bidder-1,203.52
1791018691,my-rtb-ad-manager-1,0.21
1791018691,my-rtb-schema-registry-1,0.58
1791018691,my-rtb-postgres-1,19.38
1791018691,my-rtb-redis-1,34.37
1791018691,my-rtb-kafka-1,24.08
1791018693,my-rtb-log-consumer-1,25.59
1791018693,my-rtb-bidder-1,192.76
1791018693,my-rtb-ad-manager-1,0.24
1791018693,my-rtb-schema-registry-1,0.89
1791018693,my-rtb-postgres-1,18.98
1791018693,my-rtb-redis-1,42.95
1791018693,my-rtb-kafka-1,19.72
1791018695,my-rtb-log-consumer-1,25.62
1791018695,my-rtb-bidder-1,194.64
1791018695,my-rtb-ad-manager-1,0.23
1791018695,my-rtb-schema-registry-1,0.49
1791018695,my-rtb-postgres-1,22.87
1791018695,my-rtb-redis-1,102.30
1791018695,my-rtb-kafka-1,16.65
1791018697,my-rtb-log-consumer-1,20.19
1791018697,my-rtb-bidder-1,191.57
1791018697,my-rtb-ad-manager-1,0.36
1791018697,my-rtb-schema-registry-1,0.72
1791018697,my-rtb-postgres-1,17.63
1791018697,my-rtb-redis-1,105.66
1791018697,my-rtb-kafka-1,12.46
1791018699,my-rtb-log-consumer-1,14.72
1791018699,my-rtb-bidder-1,199.41
1791018699,my-rtb-ad-manager-1,0.30
1791018699,my-rtb-schema-registry-1,1.41
1791018699,my-rtb-postgres-1,8.96
1791018699,my-rtb-redis-1,103.94
1791018699,my-rtb-kafka-1,12.88
1791018701,my-rtb-log-consumer-1,18.59
1791018701,my-rtb-bidder-1,192.84
1791018701,my-rtb-ad-manager-1,0.22
1791018701,my-rtb-schema-registry-1,0.37
1791018701,my-rtb-postgres-1,18.73
1791018701,my-rtb-redis-1,24.14
1791018701,my-rtb-kafka-1,7.61
1791018703,my-rtb-log-consumer-1,13.76
1791018703,my-rtb-bidder-1,186.38
1791018703,my-rtb-ad-manager-1,0.62
1791018703,my-rtb-schema-registry-1,3.89
1791018703,my-rtb-postgres-1,8.74
1791018703,my-rtb-redis-1,29.48
1791018703,my-rtb-kafka-1,9.36
1791018705,my-rtb-log-consumer-1,24.05
1791018705,my-rtb-bidder-1,202.38
1791018705,my-rtb-ad-manager-1,0.30
1791018705,my-rtb-schema-registry-1,0.46
1791018705,my-rtb-postgres-1,23.82
1791018705,my-rtb-redis-1,30.62
1791018705,my-rtb-kafka-1,5.77
1791018708,my-rtb-log-consumer-1,29.11
1791018708,my-rtb-bidder-1,216.44
1791018708,my-rtb-ad-manager-1,0.20
1791018708,my-rtb-schema-registry-1,0.43
1791018708,my-rtb-postgres-1,27.36
1791018708,my-rtb-redis-1,27.70
1791018708,my-rtb-kafka-1,14.39
1791018710,my-rtb-log-consumer-1,6.78
1791018710,my-rtb-bidder-1,182.82
1791018710,my-rtb-ad-manager-1,0.13
1791018710,my-rtb-schema-registry-1,0.31
1791018710,my-rtb-postgres-1,5.81
1791018710,my-rtb-redis-1,23.58
1791018710,my-rtb-kafka-1,4.45
1791018712,my-rtb-log-consumer-1,29.75
1791018712,my-rtb-bidder-1,207.87
1791018712,my-rtb-ad-manager-1,0.33
1791018712,my-rtb-schema-registry-1,0.53
1791018712,my-rtb-postgres-1,29.24
1791018712,my-rtb-redis-1,32.09
1791018712,my-rtb-kafka-1,7.13
1791018714,my-rtb-log-consumer-1,20.10
1791018714,my-rtb-bidder-1,206.01
1791018714,my-rtb-ad-manager-1,0.27
1791018714,my-rtb-schema-registry-1,0.70
1791018714,my-rtb-postgres-1,17.59
1791018714,my-rtb-redis-1,26.07
1791018714,my-rtb-kafka-1,11.45
1791018716,my-rtb-log-consumer-1,25.37
1791018716,my-rtb-bidder-1,202.09
1791018716,my-rtb-ad-manager-1,0.63
1791018716,my-rtb-schema-registry-1,0.34
1791018716,my-rtb-postgres-1,23.68
1791018716,my-rtb-redis-1,28.29
1791018716,my-rtb-kafka-1,12.96
1791018718,my-rtb-log-consumer-1,16.15
1791018718,my-rtb-bidder-1,190.03
1791018718,my-rtb-ad-manager-1,0.21
1791018718,my-rtb-schema-registry-1,0.48
1791018718,my-rtb-postgres-1,13.69
1791018718,my-rtb-redis-1,26.91
1791018718,my-rtb-kafka-1,8.76
1791018720,my-rtb-log-consumer-1,22.42
1791018720,my-rtb-bidder-1,195.87
1791018720,my-rtb-ad-manager-1,0.23
1791018720,my-rtb-schema-registry-1,0.56
1791018720,my-rtb-postgres-1,20.56
1791018720,my-rtb-redis-1,31.43
1791018720,my-rtb-kafka-1,20.41
1791018722,my-rtb-log-consumer-1,25.16
1791018722,my-rtb-bidder-1,204.97
1791018722,my-rtb-ad-manager-1,0.31
1791018722,my-rtb-schema-registry-1,1.50
1791018722,my-rtb-postgres-1,24.47
1791018722,my-rtb-redis-1,30.71
1791018722,my-rtb-kafka-1,11.48
1791018724,my-rtb-log-consumer-1,12.72
1791018724,my-rtb-bidder-1,182.50
1791018724,my-rtb-ad-manager-1,0.16
1791018724,my-rtb-schema-registry-1,0.69
1791018724,my-rtb-postgres-1,10.44
1791018724,my-rtb-redis-1,29.10
1791018724,my-rtb-kafka-1,6.90
1791018726,my-rtb-log-consumer-1,22.74
1791018726,my-rtb-bidder-1,204.29
1791018726,my-rtb-ad-manager-1,1.92
1791018726,my-rtb-schema-registry-1,0.83
1791018726,my-rtb-postgres-1,21.68
1791018726,my-rtb-redis-1,31.45
1791018726,my-rtb-kafka-1,13.13
1791018728,my-rtb-log-consumer-1,18.58
1791018728,my-rtb-bidder-1,201.42
1791018728,my-rtb-ad-manager-1,0.22
1791018728,my-rtb-schema-registry-1,0.59
1791018728,my-rtb-postgres-1,17.67
1791018728,my-rtb-redis-1,34.60
1791018728,my-rtb-kafka-1,12.48
1791018730,my-rtb-log-consumer-1,12.17
1791018730,my-rtb-bidder-1,186.98
1791018730,my-rtb-ad-manager-1,0.31
1791018730,my-rtb-schema-registry-1,0.44
1791018730,my-rtb-postgres-1,10.81
1791018730,my-rtb-redis-1,28.00
1791018730,my-rtb-kafka-1,5.91
1791018732,my-rtb-log-consumer-1,27.40
1791018732,my-rtb-bidder-1,189.64
1791018732,my-rtb-ad-manager-1,0.17
1791018732,my-rtb-schema-registry-1,0.38
1791018732,my-rtb-postgres-1,27.54
1791018732,my-rtb-redis-1,22.22
1791018732,my-rtb-kafka-1,8.10
1791018734,my-rtb-log-consumer-1,21.12
1791018734,my-rtb-bidder-1,194.20
1791018734,my-rtb-ad-manager-1,0.20
1791018734,my-rtb-schema-registry-1,0.50
1791018734,my-rtb-postgres-1,20.63
1791018734,my-rtb-redis-1,23.48
1791018734,my-rtb-kafka-1,10.11
1791018736,my-rtb-log-consumer-1,23.44
1791018736,my-rtb-bidder-1,211.25
1791018736,my-rtb-ad-manager-1,0.50
1791018736,my-rtb-schema-registry-1,0.61
1791018736,my-rtb-postgres-1,21.52
1791018736,my-rtb-redis-1,27.19
1791018736,my-rtb-kafka-1,10.72
1791018738,my-rtb-log-consumer-1,30.01
1791018738,my-rtb-bidder-1,198.71
1791018738,my-rtb-ad-manager-1,0.16
1791018738,my-rtb-schema-registry-1,0.49
1791018738,my-rtb-postgres-1,27.94
1791018738,my-rtb-redis-1,27.41
1791018738,my-rtb-kafka-1,9.45
1791018740,my-rtb-log-consumer-1,25.67
1791018740,my-rtb-bidder-1,205.63
1791018740,my-rtb-ad-manager-1,0.18
1791018740,my-rtb-schema-registry-1,0.41
1791018740,my-rtb-postgres-1,22.91
1791018740,my-rtb-redis-1,28.79
1791018740,my-rtb-kafka-1,18.07
1791018742,my-rtb-log-consumer-1,20.89
1791018742,my-rtb-bidder-1,198.49
1791018742,my-rtb-ad-manager-1,0.37
1791018742,my-rtb-schema-registry-1,1.06
1791018742,my-rtb-postgres-1,18.86
1791018742,my-rtb-redis-1,28.09
1791018742,my-rtb-kafka-1,14.01
1791018744,my-rtb-log-consumer-1,11.48
1791018744,my-rtb-bidder-1,195.94
1791018744,my-rtb-ad-manager-1,0.25
1791018744,my-rtb-schema-registry-1,0.58
1791018744,my-rtb-postgres-1,7.20
1791018744,my-rtb-redis-1,29.16
1791018744,my-rtb-kafka-1,13.43
1791018746,my-rtb-log-consumer-1,44.78
1791018746,my-rtb-bidder-1,217.57
1791018746,my-rtb-ad-manager-1,6.77
1791018746,my-rtb-schema-registry-1,2.19
1791018746,my-rtb-postgres-1,31.90
1791018746,my-rtb-redis-1,16.80
1791018746,my-rtb-kafka-1,19.06
1791018749,my-rtb-log-consumer-1,11.62
1791018749,my-rtb-bidder-1,197.20
1791018749,my-rtb-ad-manager-1,0.17
1791018749,my-rtb-schema-registry-1,0.42
1791018749,my-rtb-postgres-1,10.37
1791018749,my-rtb-redis-1,25.80
1791018749,my-rtb-kafka-1,5.62
1791018751,my-rtb-log-consumer-1,29.31
1791018751,my-rtb-bidder-1,203.16
1791018751,my-rtb-ad-manager-1,0.23
1791018751,my-rtb-schema-registry-1,0.57
1791018751,my-rtb-postgres-1,26.67
1791018751,my-rtb-redis-1,31.69
1791018751,my-rtb-kafka-1,9.80
1791018753,my-rtb-log-consumer-1,29.49
1791018753,my-rtb-bidder-1,93.77
1791018753,my-rtb-ad-manager-1,0.23
1791018753,my-rtb-schema-registry-1,0.39
1791018753,my-rtb-postgres-1,66.15
1791018753,my-rtb-redis-1,7.12
1791018753,my-rtb-kafka-1,12.44
1791018755,my-rtb-log-consumer-1,19.49
1791018755,my-rtb-bidder-1,200.69
1791018755,my-rtb-ad-manager-1,0.28
1791018755,my-rtb-schema-registry-1,0.70
1791018755,my-rtb-postgres-1,17.86
1791018755,my-rtb-redis-1,38.88
1791018755,my-rtb-kafka-1,11.93
1791018757,my-rtb-log-consumer-1,10.31
1791018757,my-rtb-bidder-1,205.01
1791018757,my-rtb-ad-manager-1,1.44
1791018757,my-rtb-schema-registry-1,1.07
1791018757,my-rtb-postgres-1,5.26
1791018757,my-rtb-redis-1,37.85
1791018757,my-rtb-kafka-1,10.43
1791018759,my-rtb-log-consumer-1,14.43
1791018759,my-rtb-bidder-1,188.12
1791018759,my-rtb-ad-manager-1,0.28
1791018759,my-rtb-schema-registry-1,0.79
1791018759,my-rtb-postgres-1,11.32
1791018759,my-rtb-redis-1,31.89
1791018759,my-rtb-kafka-1,10.74
1791018761,my-rtb-log-consumer-1,22.06
1791018761,my-rtb-bidder-1,196.57
1791018761,my-rtb-ad-manager-1,0.27
1791018761,my-rtb-schema-registry-1,0.73
1791018761,my-rtb-postgres-1,20.91
1791018761,my-rtb-redis-1,95.58
1791018761,my-rtb-kafka-1,11.16
1791018763,my-rtb-log-consumer-1,16.19
1791018763,my-rtb-bidder-1,187.50
1791018763,my-rtb-ad-manager-1,0.25
1791018763,my-rtb-schema-registry-1,0.47
1791018763,my-rtb-postgres-1,14.37
1791018763,my-rtb-redis-1,102.85
1791018763,my-rtb-kafka-1,8.83
1791018765,my-rtb-log-consumer-1,33.46
1791018765,my-rtb-bidder-1,215.18
1791018765,my-rtb-ad-manager-1,0.84
1791018765,my-rtb-schema-registry-1,0.74
1791018765,my-rtb-postgres-1,26.32
1791018765,my-rtb-redis-1,105.47
1791018765,my-rtb-kafka-1,40.89
1791018768,my-rtb-log-consumer-1,13.96
1791018768,my-rtb-bidder-1,212.06
1791018768,my-rtb-ad-manager-1,0.79
1791018768,my-rtb-schema-registry-1,1.13
1791018768,my-rtb-postgres-1,9.32
1791018768,my-rtb-redis-1,104.55
1791018768,my-rtb-kafka-1,12.74
1791018770,my-rtb-log-consumer-1,29.55
1791018770,my-rtb-bidder-1,191.38
1791018770,my-rtb-ad-manager-1,0.38
1791018770,my-rtb-schema-registry-1,0.98
1791018770,my-rtb-postgres-1,24.18
1791018770,my-rtb-redis-1,109.59
1791018770,my-rtb-kafka-1,28.03
1791018773,my-rtb-log-consumer-1,8.57
1791018773,my-rtb-bidder-1,234.62
1791018773,my-rtb-ad-manager-1,5.20
1791018773,my-rtb-schema-registry-1,3.57
1791018773,my-rtb-postgres-1,1.63
1791018773,my-rtb-redis-1,123.05
1791018773,my-rtb-kafka-1,12.25
1791018776,my-rtb-log-consumer-1,10.45
1791018776,my-rtb-bidder-1,205.16
1791018776,my-rtb-ad-manager-1,0.80
1791018776,my-rtb-schema-registry-1,1.05
1791018776,my-rtb-postgres-1,4.27
1791018776,my-rtb-redis-1,35.79
1791018776,my-rtb-kafka-1,18.90
1791018778,my-rtb-log-consumer-1,35.96
1791018778,my-rtb-bidder-1,205.62
1791018778,my-rtb-ad-manager-1,0.71
1791018778,my-rtb-schema-registry-1,1.86
1791018778,my-rtb-postgres-1,28.67
1791018778,my-rtb-redis-1,36.18
1791018778,my-rtb-kafka-1,15.38
1791018780,my-rtb-log-consumer-1,33.63
1791018780,my-rtb-bidder-1,220.66
1791018780,my-rtb-ad-manager-1,0.42
1791018780,my-rtb-schema-registry-1,1.73
1791018780,my-rtb-postgres-1,14.47
1791018780,my-rtb-redis-1,27.84
1791018780,my-rtb-kafka-1,24.93
1791018782,my-rtb-log-consumer-1,25.37
1791018782,my-rtb-bidder-1,218.80
1791018782,my-rtb-ad-manager-1,0.45
1791018782,my-rtb-schema-registry-1,0.71
1791018782,my-rtb-postgres-1,24.20
1791018782,my-rtb-redis-1,30.88
1791018782,my-rtb-kafka-1,12.72
1791018784,my-rtb-log-consumer-1,12.75
1791018784,my-rtb-bidder-1,213.50
1791018784,my-rtb-ad-manager-1,0.27
1791018784,my-rtb-schema-registry-1,0.55
1791018784,my-rtb-postgres-1,11.00
1791018784,my-rtb-redis-1,25.48
1791018784,my-rtb-kafka-1,8.41
1791018786,my-rtb-log-consumer-1,16.05
1791018786,my-rtb-bidder-1,211.90
1791018786,my-rtb-ad-manager-1,2.30
1791018786,my-rtb-schema-registry-1,0.69
1791018786,my-rtb-postgres-1,12.43
1791018786,my-rtb-redis-1,15.10
1791018786,my-rtb-kafka-1,9.04
1791018788,my-rtb-log-consumer-1,37.26
1791018788,my-rtb-bidder-1,218.93
1791018788,my-rtb-ad-manager-1,0.47
1791018788,my-rtb-schema-registry-1,1.18
1791018788,my-rtb-postgres-1,30.94
1791018788,my-rtb-redis-1,24.66
1791018788,my-rtb-kafka-1,11.07
1791018791,my-rtb-log-consumer-1,18.51
1791018791,my-rtb-bidder-1,197.36
1791018791,my-rtb-ad-manager-1,2.45
1791018791,my-rtb-schema-registry-1,2.47
1791018791,my-rtb-postgres-1,11.60
1791018791,my-rtb-redis-1,31.13
1791018791,my-rtb-kafka-1,25.09
1791018793,my-rtb-log-consumer-1,28.97
1791018793,my-rtb-bidder-1,205.58
1791018793,my-rtb-ad-manager-1,0.30
1791018793,my-rtb-schema-registry-1,0.52
1791018793,my-rtb-postgres-1,27.62
1791018793,my-rtb-redis-1,23.55
1791018793,my-rtb-kafka-1,13.48
1791018795,my-rtb-log-consumer-1,20.95
1791018795,my-rtb-bidder-1,202.54
1791018795,my-rtb-ad-manager-1,0.13
1791018795,my-rtb-schema-registry-1,0.28
1791018795,my-rtb-postgres-1,20.31
1791018795,my-rtb-redis-1,25.90
1791018795,my-rtb-kafka-1,8.48
1791018797,my-rtb-log-consumer-1,17.84
1791018797,my-rtb-bidder-1,197.64
1791018797,my-rtb-ad-manager-1,0.17
1791018797,my-rtb-schema-registry-1,0.69
1791018797,my-rtb-postgres-1,15.35
1791018797,my-rtb-redis-1,22.43
1791018797,my-rtb-kafka-1,6.15
1791018799,my-rtb-log-consumer-1,25.29
1791018799,my-rtb-bidder-1,199.29
1791018799,my-rtb-ad-manager-1,0.15
1791018799,my-rtb-schema-registry-1,0.42
1791018799,my-rtb-postgres-1,24.99
1791018799,my-rtb-redis-1,23.96
1791018799,my-rtb-kafka-1,8.71
1791018801,my-rtb-log-consumer-1,21.66
1791018801,my-rtb-bidder-1,197.70
1791018801,my-rtb-ad-manager-1,0.13
1791018801,my-rtb-schema-registry-1,0.36
1791018801,my-rtb-postgres-1,20.82
1791018801,my-rtb-redis-1,25.02
1791018801,my-rtb-kafka-1,8.49
1791018803,my-rtb-log-consumer-1,26.02
1791018803,my-rtb-bidder-1,195.21
1791018803,my-rtb-ad-manager-1,0.13
1791018803,my-rtb-schema-registry-1,0.31
1791018803,my-rtb-postgres-1,25.07
1791018803,my-rtb-redis-1,26.60
1791018803,my-rtb-kafka-1,7.70
1791018805,my-rtb-log-consumer-1,14.80
1791018805,my-rtb-bidder-1,196.24
1791018805,my-rtb-ad-manager-1,0.52
1791018805,my-rtb-schema-registry-1,0.45
1791018805,my-rtb-postgres-1,13.14
1791018805,my-rtb-redis-1,30.28
1791018805,my-rtb-kafka-1,8.41
1791018807,my-rtb-log-consumer-1,19.83
1791018807,my-rtb-bidder-1,204.75
1791018807,my-rtb-ad-manager-1,0.19
1791018807,my-rtb-schema-registry-1,0.76
1791018807,my-rtb-postgres-1,17.97
1791018807,my-rtb-redis-1,29.24
1791018807,my-rtb-kafka-1,26.43
1791018809,my-rtb-log-consumer-1,18.33
1791018809,my-rtb-bidder-1,189.87
1791018809,my-rtb-ad-manager-1,0.14
1791018809,my-rtb-schema-registry-1,0.31
1791018809,my-rtb-postgres-1,17.24
1791018809,my-rtb-redis-1,25.15
1791018809,my-rtb-kafka-1,11.81
1791018811,my-rtb-log-consumer-1,17.59
1791018811,my-rtb-bidder-1,200.42
1791018811,my-rtb-ad-manager-1,0.15
1791018811,my-rtb-schema-registry-1,0.42
1791018811,my-rtb-postgres-1,16.35
1791018811,my-rtb-redis-1,29.93
1791018811,my-rtb-kafka-1,13.86
1791018813,my-rtb-log-consumer-1,17.76
1791018813,my-rtb-bidder-1,201.83
1791018813,my-rtb-ad-manager-1,0.62
1791018813,my-rtb-schema-registry-1,2.01
1791018813,my-rtb-postgres-1,15.46
1791018813,my-rtb-redis-1,35.78
1791018813,my-rtb-kafka-1,16.28
1791018815,my-rtb-log-consumer-1,27.56
1791018815,my-rtb-bidder-1,140.91
1791018815,my-rtb-ad-manager-1,0.20
1791018815,my-rtb-schema-registry-1,0.31
1791018815,my-rtb-postgres-1,27.28
1791018815,my-rtb-redis-1,12.26
1791018815,my-rtb-kafka-1,14.43
1791018817,my-rtb-log-consumer-1,24.72
1791018817,my-rtb-bidder-1,187.44
1791018817,my-rtb-ad-manager-1,0.27
1791018817,my-rtb-schema-registry-1,0.37
1791018817,my-rtb-postgres-1,22.36
1791018817,my-rtb-redis-1,31.31
1791018817,my-rtb-kafka-1,15.46
1791018819,my-rtb-log-consumer-1,33.98
1791018819,my-rtb-bidder-1,181.87
1791018819,my-rtb-ad-manager-1,0.22
1791018819,my-rtb-schema-registry-1,0.54
1791018819,my-rtb-postgres-1,24.72
1791018819,my-rtb-redis-1,38.99
1791018819,my-rtb-kafka-1,47.06
1791018821,my-rtb-log-consumer-1,32.32
1791018821,my-rtb-bidder-1,180.24
1791018821,my-rtb-ad-manager-1,0.19
1791018821,my-rtb-schema-registry-1,2.32
1791018821,my-rtb-postgres-1,23.56
1791018821,my-rtb-redis-1,38.01
1791018821,my-rtb-kafka-1,36.62
1791018823,my-rtb-log-consumer-1,25.25
1791018823,my-rtb-bidder-1,257.65
1791018823,my-rtb-ad-manager-1,3.85
1791018823,my-rtb-schema-registry-1,4.60
1791018823,my-rtb-postgres-1,18.52
1791018823,my-rtb-redis-1,79.88
1791018823,my-rtb-kafka-1,47.40
1791018825,my-rtb-log-consumer-1,12.61
1791018825,my-rtb-bidder-1,197.45
1791018825,my-rtb-ad-manager-1,0.21
1791018825,my-rtb-schema-registry-1,0.58
1791018825,my-rtb-postgres-1,10.19
1791018825,my-rtb-redis-1,30.19
1791018825,my-rtb-kafka-1,10.34
1791018827,my-rtb-log-consumer-1,25.54
1791018827,my-rtb-bidder-1,191.73
1791018827,my-rtb-ad-manager-1,0.15
1791018827,my-rtb-schema-registry-1,0.46
1791018827,my-rtb-postgres-1,22.70
1791018827,my-rtb-redis-1,28.83
1791018827,my-rtb-kafka-1,11.02
1791018829,my-rtb-log-consumer-1,21.63
1791018829,my-rtb-bidder-1,180.46
1791018829,my-rtb-ad-manager-1,0.19
1791018829,my-rtb-schema-registry-1,0.26
1791018829,my-rtb-postgres-1,21.67
1791018829,my-rtb-redis-1,24.43
1791018829,my-rtb-kafka-1,8.73
1791018831,my-rtb-log-consumer-1,18.71
1791018831,my-rtb-bidder-1,187.80
1791018831,my-rtb-ad-manager-1,0.15
1791018831,my-rtb-schema-registry-1,0.62
1791018831,my-rtb-postgres-1,15.80
1791018831,my-rtb-redis-1,22.66
1791018831,my-rtb-kafka-1,10.07
1791018834,my-rtb-log-consumer-1,36.83
1791018834,my-rtb-bidder-1,218.08
1791018834,my-rtb-ad-manager-1,0.45
1791018834,my-rtb-schema-registry-1,3.98
1791018834,my-rtb-postgres-1,29.92
1791018834,my-rtb-redis-1,45.62
1791018834,my-rtb-kafka-1,26.47
1791018836,my-rtb-log-consumer-1,17.23
1791018836,my-rtb-bidder-1,180.79
1791018836,my-rtb-ad-manager-1,0.26
1791018836,my-rtb-schema-registry-1,0.55
1791018836,my-rtb-postgres-1,13.90
1791018836,my-rtb-redis-1,79.54
1791018836,my-rtb-kafka-1,12.86
1791018838,my-rtb-log-consumer-1,28.60
1791018838,my-rtb-bidder-1,197.69
1791018838,my-rtb-ad-manager-1,0.16
1791018838,my-rtb-schema-registry-1,0.57
1791018838,my-rtb-postgres-1,26.46
1791018838,my-rtb-redis-1,104.32
1791018838,my-rtb-kafka-1,5.56
1791018840,my-rtb-log-consumer-1,21.49
1791018840,my-rtb-bidder-1,202.46
1791018840,my-rtb-ad-manager-1,0.36
1791018840,my-rtb-schema-registry-1,0.72
1791018840,my-rtb-postgres-1,19.70
1791018840,my-rtb-redis-1,105.48
1791018840,my-rtb-kafka-1,14.89
1791018842,my-rtb-log-consumer-1,14.79
1791018842,my-rtb-bidder-1,191.78
1791018842,my-rtb-ad-manager-1,0.36
1791018842,my-rtb-schema-registry-1,0.52
1791018842,my-rtb-postgres-1,13.05
1791018842,my-rtb-redis-1,104.19
1791018842,my-rtb-kafka-1,8.38
1791018844,my-rtb-log-consumer-1,32.55
1791018844,my-rtb-bidder-1,198.34
1791018844,my-rtb-ad-manager-1,0.24
1791018844,my-rtb-schema-registry-1,0.72
1791018844,my-rtb-postgres-1,29.59
1791018844,my-rtb-redis-1,32.69
1791018844,my-rtb-kafka-1,18.97
1791018846,my-rtb-log-consumer-1,19.46
1791018846,my-rtb-bidder-1,194.20
1791018846,my-rtb-ad-manager-1,0.39
1791018846,my-rtb-schema-registry-1,0.37
1791018846,my-rtb-postgres-1,18.42
1791018846,my-rtb-redis-1,31.81
1791018846,my-rtb-kafka-1,10.34
1791018848,my-rtb-log-consumer-1,19.17
1791018848,my-rtb-bidder-1,181.68
1791018848,my-rtb-ad-manager-1,0.15
1791018848,my-rtb-schema-registry-1,0.25
1791018848,my-rtb-postgres-1,18.52
1791018848,my-rtb-redis-1,35.12
1791018848,my-rtb-kafka-1,12.42
1791018850,my-rtb-log-consumer-1,20.92
1791018850,my-rtb-bidder-1,183.66
1791018850,my-rtb-ad-manager-1,0.17
1791018850,my-rtb-schema-registry-1,0.33
1791018850,my-rtb-postgres-1,20.50
1791018850,my-rtb-redis-1,25.16
1791018850,my-rtb-kafka-1,10.55
1791018852,my-rtb-log-consumer-1,18.49
1791018852,my-rtb-bidder-1,189.66
1791018852,my-rtb-ad-manager-1,0.25
1791018852,my-rtb-schema-registry-1,0.60
1791018852,my-rtb-postgres-1,18.68
1791018852,my-rtb-redis-1,30.31
1791018852,my-rtb-kafka-1,7.90
1791018854,my-rtb-log-consumer-1,21.02
1791018854,my-rtb-bidder-1,187.35
1791018854,my-rtb-ad-manager-1,0.13
1791018854,my-rtb-schema-registry-1,0.36
1791018854,my-rtb-postgres-1,20.54
1791018854,my-rtb-redis-1,33.77
1791018854,my-rtb-kafka-1,10.29
1791018856,my-rtb-log-consumer-1,25.27
1791018856,my-rtb-bidder-1,181.92
1791018856,my-rtb-ad-manager-1,0.41
1791018856,my-rtb-schema-registry-1,0.67
1791018856,my-rtb-postgres-1,23.96
1791018856,my-rtb-redis-1,32.84
1791018856,my-rtb-kafka-1,13.18
1791018858,my-rtb-log-consumer-1,19.91
1791018858,my-rtb-bidder-1,171.26
1791018858,my-rtb-ad-manager-1,0.14
1791018858,my-rtb-schema-registry-1,0.25
1791018858,my-rtb-postgres-1,18.85
1791018858,my-rtb-redis-1,23.61
1791018858,my-rtb-kafka-1,11.77
1791018860,my-rtb-log-consumer-1,27.93
1791018860,my-rtb-bidder-1,194.35
1791018860,my-rtb-ad-manager-1,0.23
1791018860,my-rtb-schema-registry-1,1.47
1791018860,my-rtb-postgres-1,27.37
1791018860,my-rtb-redis-1,30.97
1791018860,my-rtb-kafka-1,11.28
1791018862,my-rtb-log-consumer-1,25.04
1791018862,my-rtb-bidder-1,196.33
1791018862,my-rtb-ad-manager-1,0.13
1791018862,my-rtb-schema-registry-1,0.41
1791018862,my-rtb-postgres-1,24.37
1791018862,my-rtb-redis-1,33.61
1791018862,my-rtb-kafka-1,13.29
1791018864,my-rtb-log-consumer-1,31.50
1791018864,my-rtb-bidder-1,158.65
1791018864,my-rtb-ad-manager-1,0.15
1791018864,my-rtb-schema-registry-1,0.43
1791018864,my-rtb-postgres-1,21.49
1791018864,my-rtb-redis-1,35.35
1791018864,my-rtb-kafka-1,41.73
1791018866,my-rtb-log-consumer-1,29.45
1791018866,my-rtb-bidder-1,178.58
1791018866,my-rtb-ad-manager-1,0.46
1791018866,my-rtb-schema-registry-1,0.54
1791018866,my-rtb-postgres-1,22.06
1791018866,my-rtb-redis-1,36.76
1791018866,my-rtb-kafka-1,42.04
1791018868,my-rtb-log-consumer-1,32.00
1791018868,my-rtb-bidder-1,165.96
1791018868,my-rtb-ad-manager-1,0.15
1791018868,my-rtb-schema-registry-1,2.37
1791018868,my-rtb-postgres-1,19.71
1791018868,my-rtb-redis-1,32.82
1791018868,my-rtb-kafka-1,44.94
1791018870,my-rtb-log-consumer-1,30.16
1791018870,my-rtb-bidder-1,163.52
1791018870,my-rtb-ad-manager-1,0.20
1791018870,my-rtb-schema-registry-1,0.44
1791018870,my-rtb-postgres-1,21.50
1791018870,my-rtb-redis-1,35.90
1791018870,my-rtb-kafka-1,41.63
1791018872,my-rtb-log-consumer-1,29.60
1791018872,my-rtb-bidder-1,180.20
1791018872,my-rtb-ad-manager-1,0.15
1791018872,my-rtb-schema-registry-1,0.34
1791018872,my-rtb-postgres-1,27.44
1791018872,my-rtb-redis-1,34.60
1791018872,my-rtb-kafka-1,35.97
1791018874,my-rtb-log-consumer-1,31.87
1791018874,my-rtb-bidder-1,150.39
1791018874,my-rtb-ad-manager-1,0.16
1791018874,my-rtb-schema-registry-1,0.37
1791018874,my-rtb-postgres-1,20.28
1791018874,my-rtb-redis-1,33.47
1791018874,my-rtb-kafka-1,49.69
1791018876,my-rtb-log-consumer-1,10.11
1791018876,my-rtb-bidder-1,97.16
1791018876,my-rtb-ad-manager-1,0.33
1791018876,my-rtb-schema-registry-1,1.05
1791018876,my-rtb-postgres-1,5.49
1791018876,my-rtb-redis-1,11.69
1791018876,my-rtb-kafka-1,12.78
1791018878,my-rtb-log-consumer-1,31.27
1791018878,my-rtb-bidder-1,180.13
1791018878,my-rtb-ad-manager-1,0.18
1791018878,my-rtb-schema-registry-1,2.51
1791018878,my-rtb-postgres-1,22.71
1791018878,my-rtb-redis-1,35.20
1791018878,my-rtb-kafka-1,39.92
1791018880,my-rtb-log-consumer-1,30.28
1791018880,my-rtb-bidder-1,184.35
1791018880,my-rtb-ad-manager-1,0.30
1791018880,my-rtb-schema-registry-1,0.52
1791018880,my-rtb-postgres-1,22.27
1791018880,my-rtb-redis-1,35.39
1791018880,my-rtb-kafka-1,37.14
1791018882,my-rtb-log-consumer-1,16.12
1791018882,my-rtb-bidder-1,198.04
1791018882,my-rtb-ad-manager-1,0.24
1791018882,my-rtb-schema-registry-1,0.95
1791018882,my-rtb-postgres-1,10.56
1791018882,my-rtb-redis-1,40.93
1791018882,my-rtb-kafka-1,11.38
1791018885,my-rtb-log-consumer-1,22.57
1791018885,my-rtb-bidder-1,205.62
1791018885,my-rtb-ad-manager-1,0.40
1791018885,my-rtb-schema-registry-1,0.67
1791018885,my-rtb-postgres-1,18.60
1791018885,my-rtb-redis-1,40.50
1791018885,my-rtb-kafka-1,16.62
1791018887,my-rtb-log-consumer-1,16.96
1791018887,my-rtb-bidder-1,193.35
1791018887,my-rtb-ad-manager-1,0.99
1791018887,my-rtb-schema-registry-1,0.63
1791018887,my-rtb-postgres-1,14.47
1791018887,my-rtb-redis-1,29.69
1791018887,my-rtb-kafka-1,14.36
1791018889,my-rtb-log-consumer-1,26.41
1791018889,my-rtb-bidder-1,199.00
1791018889,my-rtb-ad-manager-1,1.52
1791018889,my-rtb-schema-registry-1,0.56
1791018889,my-rtb-postgres-1,24.17
1791018889,my-rtb-redis-1,30.50
1791018889,my-rtb-kafka-1,14.45
1791018891,my-rtb-log-consumer-1,13.24
1791018891,my-rtb-bidder-1,208.89
1791018891,my-rtb-ad-manager-1,0.29
1791018891,my-rtb-schema-registry-1,0.74
1791018891,my-rtb-postgres-1,9.68
1791018891,my-rtb-redis-1,19.50
1791018891,my-rtb-kafka-1,14.69
1791018893,my-rtb-log-consumer-1,30.34
1791018893,my-rtb-bidder-1,197.35
1791018893,my-rtb-ad-manager-1,1.73
1791018893,my-rtb-schema-registry-1,0.42
1791018893,my-rtb-postgres-1,30.81
1791018893,my-rtb-redis-1,28.10
1791018893,my-rtb-kafka-1,12.03
1791018895,my-rtb-log-consumer-1,10.11
1791018895,my-rtb-bidder-1,176.72
1791018895,my-rtb-ad-manager-1,0.26
1791018895,my-rtb-schema-registry-1,0.71
1791018895,my-rtb-postgres-1,7.94
1791018895,my-rtb-redis-1,33.61
1791018895,my-rtb-kafka-1,7.67
1791018897,my-rtb-log-consumer-1,30.79
1791018897,my-rtb-bidder-1,196.85
1791018897,my-rtb-ad-manager-1,0.22
1791018897,my-rtb-schema-registry-1,0.74
1791018897,my-rtb-postgres-1,29.42
1791018897,my-rtb-redis-1,27.33
1791018897,my-rtb-kafka-1,11.21
1791018899,my-rtb-log-consumer-1,14.39
1791018899,my-rtb-bidder-1,187.77
1791018899,my-rtb-ad-manager-1,0.20
1791018899,my-rtb-schema-registry-1,0.40
1791018899,my-rtb-postgres-1,13.00
1791018899,my-rtb-redis-1,28.29
1791018899,my-rtb-kafka-1,9.93
1791018901,my-rtb-log-consumer-1,16.75
1791018901,my-rtb-bidder-1,210.74
1791018901,my-rtb-ad-manager-1,0.28
1791018901,my-rtb-schema-registry-1,1.27
1791018901,my-rtb-postgres-1,16.41
1791018901,my-rtb-redis-1,23.61
1791018901,my-rtb-kafka-1,14.38
1791018903,my-rtb-log-consumer-1,20.78
1791018903,my-rtb-bidder-1,188.24
1791018903,my-rtb-ad-manager-1,0.44
1791018903,my-rtb-schema-registry-1,4.75
1791018903,my-rtb-postgres-1,16.56
1791018903,my-rtb-redis-1,105.69
1791018903,my-rtb-kafka-1,8.31
1791018905,my-rtb-log-consumer-1,13.38
1791018905,my-rtb-bidder-1,216.94
1791018905,my-rtb-ad-manager-1,1.87
1791018905,my-rtb-schema-registry-1,2.18
1791018905,my-rtb-postgres-1,22.23
1791018905,my-rtb-redis-1,115.49
1791018905,my-rtb-kafka-1,15.73
1791018909,my-rtb-log-consumer-1,27.75
1791018909,my-rtb-bidder-1,194.89
1791018909,my-rtb-ad-manager-1,0.32
1791018909,my-rtb-schema-registry-1,2.62
1791018909,my-rtb-postgres-1,15.76
1791018909,my-rtb-redis-1,104.86
1791018909,my-rtb-kafka-1,14.09
1791018911,my-rtb-log-consumer-1,17.11
1791018911,my-rtb-bidder-1,206.67
1791018911,my-rtb-ad-manager-1,0.21
1791018911,my-rtb-schema-registry-1,0.95
1791018911,my-rtb-postgres-1,9.37
1791018911,my-rtb-redis-1,99.67
1791018911,my-rtb-kafka-1,11.86
1791018913,my-rtb-log-consumer-1,21.99
1791018913,my-rtb-bidder-1,192.06
1791018913,my-rtb-ad-manager-1,0.31
1791018913,my-rtb-schema-registry-1,2.08
1791018913,my-rtb-postgres-1,18.56
1791018913,my-rtb-redis-1,100.86
1791018913,my-rtb-kafka-1,28.27
1791018915,my-rtb-log-consumer-1,18.81
1791018915,my-rtb-bidder-1,199.05
1791018915,my-rtb-ad-manager-1,0.58
1791018915,my-rtb-schema-registry-1,1.05
1791018915,my-rtb-postgres-1,14.04
1791018915,my-rtb-redis-1,102.04
1791018915,my-rtb-kafka-1,8.14
1791018917,my-rtb-log-consumer-1,8.92
1791018917,my-rtb-bidder-1,202.13
1791018917,my-rtb-ad-manager-1,0.17
1791018917,my-rtb-schema-registry-1,0.59
1791018917,my-rtb-postgres-1,6.84
1791018917,my-rtb-redis-1,81.46
1791018917,my-rtb-kafka-1,6.42
1791018919,my-rtb-log-consumer-1,16.99
1791018919,my-rtb-bidder-1,193.38
1791018919,my-rtb-ad-manager-1,0.15
1791018919,my-rtb-schema-registry-1,0.41
1791018919,my-rtb-postgres-1,15.91
1791018919,my-rtb-redis-1,26.15
1791018919,my-rtb-kafka-1,6.29
1791018921,my-rtb-log-consumer-1,20.78
1791018921,my-rtb-bidder-1,195.18
1791018921,my-rtb-ad-manager-1,0.15
1791018921,my-rtb-schema-registry-1,0.41
1791018921,my-rtb-postgres-1,19.28
1791018921,my-rtb-redis-1,25.10
1791018921,my-rtb-kafka-1,7.22
1791018923,my-rtb-log-consumer-1,26.49
1791018923,my-rtb-bidder-1,187.52
1791018923,my-rtb-ad-manager-1,0.14
1791018923,my-rtb-schema-registry-1,0.29
1791018923,my-rtb-postgres-1,25.27
1791018923,my-rtb-redis-1,25.57
1791018923,my-rtb-kafka-1,9.25
1791018925,my-rtb-log-consumer-1,23.89
1791018925,my-rtb-bidder-1,192.97
1791018925,my-rtb-ad-manager-1,0.14
1791018925,my-rtb-schema-registry-1,0.44
1791018925,my-rtb-postgres-1,22.55
1791018925,my-rtb-redis-1,30.71
1791018925,my-rtb-kafka-1,19.11
1791018927,my-rtb-log-consumer-1,28.03
1791018927,my-rtb-bidder-1,212.20
1791018927,my-rtb-ad-manager-1,0.26
1791018927,my-rtb-schema-registry-1,0.97
1791018927,my-rtb-postgres-1,23.67
1791018927,my-rtb-redis-1,34.40
1791018927,my-rtb-kafka-1,16.09
1791018929,my-rtb-log-consumer-1,16.76
1791018929,my-rtb-bidder-1,201.19
1791018929,my-rtb-ad-manager-1,0.22
1791018929,my-rtb-schema-registry-1,0.60
1791018929,my-rtb-postgres-1,14.03
1791018929,my-rtb-redis-1,27.49
1791018929,my-rtb-kafka-1,8.22
1791018931,my-rtb-log-consumer-1,34.28
1791018931,my-rtb-bidder-1,221.11
1791018931,my-rtb-ad-manager-1,0.38
1791018931,my-rtb-schema-registry-1,1.21
1791018931,my-rtb-postgres-1,18.58
1791018931,my-rtb-redis-1,32.21
1791018931,my-rtb-kafka-1,27.48
1791018934,my-rtb-log-consumer-1,43.02
1791018934,my-rtb-bidder-1,198.88
1791018934,my-rtb-ad-manager-1,0.56
1791018934,my-rtb-schema-registry-1,2.15
1791018934,my-rtb-postgres-1,99.03
1791018934,my-rtb-redis-1,39.88
1791018934,my-rtb-kafka-1,9.31
1791018936,my-rtb-log-consumer-1,31.04
1791018936,my-rtb-bidder-1,203.00
1791018936,my-rtb-ad-manager-1,0.60
1791018936,my-rtb-schema-registry-1,0.97
1791018936,my-rtb-postgres-1,22.25
1791018936,my-rtb-redis-1,26.79
1791018936,my-rtb-kafka-1,16.04
1791018938,my-rtb-log-consumer-1,26.81
1791018938,my-rtb-bidder-1,143.08
1791018938,my-rtb-ad-manager-1,0.19
1791018938,my-rtb-schema-registry-1,0.36
1791018938,my-rtb-postgres-1,26.58
1791018938,my-rtb-redis-1,13.81
1791018938,my-rtb-kafka-1,10.62
1791018940,my-rtb-log-consumer-1,24.62
1791018940,my-rtb-bidder-1,174.93
1791018940,my-rtb-ad-manager-1,0.15
1791018940,my-rtb-schema-registry-1,0.38
1791018940,my-rtb-postgres-1,20.80
1791018940,my-rtb-redis-1,29.90
1791018940,my-rtb-kafka-1,32.29
1791018942,my-rtb-log-consumer-1,24.04
1791018942,my-rtb-bidder-1,182.04
1791018942,my-rtb-ad-manager-1,0.37
1791018942,my-rtb-schema-registry-1,0.50
1791018942,my-rtb-postgres-1,22.12
1791018942,my-rtb-redis-1,31.68
1791018942,my-rtb-kafka-1,12.99
1791018944,my-rtb-log-consumer-1,25.61
1791018944,my-rtb-bidder-1,191.93
1791018944,my-rtb-ad-manager-1,0.29
1791018944,my-rtb-schema-registry-1,0.57
1791018944,my-rtb-postgres-1,17.88
1791018944,my-rtb-redis-1,42.23
1791018944,my-rtb-kafka-1,25.08
1791018946,my-rtb-log-consumer-1,16.91
1791018946,my-rtb-bidder-1,185.42
1791018946,my-rtb-ad-manager-1,2.35
1791018946,my-rtb-schema-registry-1,2.41
1791018946,my-rtb-postgres-1,14.06
1791018946,my-rtb-redis-1,39.26
1791018946,my-rtb-kafka-1,28.22
1791018948,my-rtb-log-consumer-1,20.28
1791018948,my-rtb-bidder-1,195.47
1791018948,my-rtb-ad-manager-1,0.16
1791018948,my-rtb-schema-registry-1,0.54
1791018948,my-rtb-postgres-1,16.71
1791018948,my-rtb-redis-1,37.78
1791018948,my-rtb-kafka-1,7.47
1791018950,my-rtb-log-consumer-1,18.12
1791018950,my-rtb-bidder-1,201.17
1791018950,my-rtb-ad-manager-1,0.22
1791018950,my-rtb-schema-registry-1,0.48
1791018950,my-rtb-postgres-1,15.89
1791018950,my-rtb-redis-1,29.82
1791018950,my-rtb-kafka-1,10.91
1791018952,my-rtb-log-consumer-1,20.66
1791018952,my-rtb-bidder-1,178.22
1791018952,my-rtb-ad-manager-1,0.38
1791018952,my-rtb-schema-registry-1,0.67
1791018952,my-rtb-postgres-1,18.01
1791018952,my-rtb-redis-1,36.29
1791018952,my-rtb-kafka-1,13.86
1791018955,my-rtb-log-consumer-1,30.11
1791018955,my-rtb-bidder-1,186.98
1791018955,my-rtb-ad-manager-1,0.27
1791018955,my-rtb-schema-registry-1,0.96
1791018955,my-rtb-postgres-1,23.76
1791018955,my-rtb-redis-1,29.30
1791018955,my-rtb-kafka-1,16.87
1791018957,my-rtb-log-consumer-1,18.06
1791018957,my-rtb-bidder-1,194.19
1791018957,my-rtb-ad-manager-1,0.46
1791018957,my-rtb-schema-registry-1,0.68
1791018957,my-rtb-postgres-1,15.15
1791018957,my-rtb-redis-1,23.83
1791018957,my-rtb-kafka-1,11.44
1791018959,my-rtb-log-consumer-1,22.35
1791018959,my-rtb-bidder-1,193.44
1791018959,my-rtb-ad-manager-1,0.22
1791018959,my-rtb-schema-registry-1,0.56
1791018959,my-rtb-postgres-1,18.87
1791018959,my-rtb-redis-1,27.77
1791018959,my-rtb-kafka-1,10.57
1791018961,my-rtb-log-consumer-1,24.42
1791018961,my-rtb-bidder-1,190.92
1791018961,my-rtb-ad-manager-1,0.17
1791018961,my-rtb-schema-registry-1,0.44
1791018961,my-rtb-postgres-1,22.03
1791018961,my-rtb-redis-1,21.34
1791018961,my-rtb-kafka-1,27.81
1791018963,my-rtb-log-consumer-1,19.23
1791018963,my-rtb-bidder-1,194.53
1791018963,my-rtb-ad-manager-1,0.27
1791018963,my-rtb-schema-registry-1,0.85
1791018963,my-rtb-postgres-1,14.53
1791018963,my-rtb-redis-1,31.77
1791018963,my-rtb-kafka-1,20.46
1791018965,my-rtb-log-consumer-1,38.65
1791018965,my-rtb-bidder-1,205.98
1791018965,my-rtb-ad-manager-1,0.48
1791018965,my-rtb-schema-registry-1,2.57
1791018965,my-rtb-postgres-1,30.73
1791018965,my-rtb-redis-1,33.90
1791018965,my-rtb-kafka-1,19.36
1791018967,my-rtb-log-consumer-1,18.29
1791018967,my-rtb-bidder-1,183.91
1791018967,my-rtb-ad-manager-1,0.39
1791018967,my-rtb-schema-registry-1,0.69
1791018967,my-rtb-postgres-1,14.83
1791018967,my-rtb-redis-1,32.02
1791018967,my-rtb-kafka-1,7.00
1791018969,my-rtb-log-consumer-1,41.55
1791018969,my-rtb-bidder-1,221.01
1791018969,my-rtb-ad-manager-1,1.05
1791018969,my-rtb-schema-registry-1,3.41
1791018969,my-rtb-postgres-1,30.32
1791018969,my-rtb-redis-1,20.65
1791018969,my-rtb-kafka-1,32.66
1791018971,my-rtb-log-consumer-1,26.06
1791018971,my-rtb-bidder-1,211.51
1791018971,my-rtb-ad-manager-1,0.31
1791018971,my-rtb-schema-registry-1,1.88
1791018971,my-rtb-postgres-1,24.20
1791018971,my-rtb-redis-1,27.44
1791018971,my-rtb-kafka-1,25.18
1791018973,my-rtb-log-consumer-1,15.35
1791018973,my-rtb-bidder-1,205.73
1791018973,my-rtb-ad-manager-1,2.17
1791018973,my-rtb-schema-registry-1,1.52
1791018973,my-rtb-postgres-1,11.84
1791018973,my-rtb-redis-1,36.90
1791018973,my-rtb-kafka-1,12.65
1791018975,my-rtb-log-consumer-1,22.97
1791018975,my-rtb-bidder-1,207.24
1791018975,my-rtb-ad-manager-1,0.52
1791018975,my-rtb-schema-registry-1,0.71
1791018975,my-rtb-postgres-1,21.48
1791018975,my-rtb-redis-1,24.11
1791018975,my-rtb-kafka-1,11.33
1791018977,my-rtb-log-consumer-1,29.37
1791018977,my-rtb-bidder-1,149.21
1791018977,my-rtb-ad-manager-1,0.38
1791018977,my-rtb-schema-registry-1,4.79
1791018977,my-rtb-postgres-1,23.93
1791018977,my-rtb-redis-1,62.52
1791018977,my-rtb-kafka-1,10.13
1791018980,my-rtb-log-consumer-1,26.18
1791018980,my-rtb-bidder-1,219.41
1791018980,my-rtb-ad-manager-1,0.88
1791018980,my-rtb-schema-registry-1,0.81
1791018980,my-rtb-postgres-1,9.38
1791018980,my-rtb-redis-1,113.94
1791018980,my-rtb-kafka-1,66.86
1791018983,my-rtb-log-consumer-1,14.67
1791018983,my-rtb-bidder-1,174.46
1791018983,my-rtb-ad-manager-1,0.31
1791018983,my-rtb-schema-registry-1,0.95
1791018983,my-rtb-postgres-1,13.10
1791018983,my-rtb-redis-1,102.32
1791018983,my-rtb-kafka-1,12.75
1791018985,my-rtb-log-consumer-1,23.82
1791018985,my-rtb-bidder-1,196.26
1791018985,my-rtb-ad-manager-1,0.16
1791018985,my-rtb-schema-registry-1,0.50
1791018985,my-rtb-postgres-1,21.37
1791018985,my-rtb-redis-1,102.47
1791018985,my-rtb-kafka-1,13.55
1791018987,my-rtb-log-consumer-1,27.28
1791018987,my-rtb-bidder-1,180.28
1791018987,my-rtb-ad-manager-1,0.83
1791018987,my-rtb-schema-registry-1,0.48
1791018987,my-rtb-postgres-1,25.65
1791018987,my-rtb-redis-1,102.03
1791018987,my-rtb-kafka-1,6.12
1791018989,my-rtb-log-consumer-1,32.53
1791018989,my-rtb-bidder-1,198.57
1791018989,my-rtb-ad-manager-1,0.16
1791018989,my-rtb-schema-registry-1,0.38
1791018989,my-rtb-postgres-1,30.45
1791018989,my-rtb-redis-1,26.98
1791018989,my-rtb-kafka-1,11.69
1791018991,my-rtb-log-consumer-1,10.69
1791018991,my-rtb-bidder-1,174.60
1791018991,my-rtb-ad-manager-1,0.14
1791018991,my-rtb-schema-registry-1,0.35
1791018991,my-rtb-postgres-1,9.82
1791018991,my-rtb-redis-1,24.40
1791018991,my-rtb-kafka-1,5.70
1791018993,my-rtb-log-consumer-1,20.93
1791018993,my-rtb-bidder-1,189.11
1791018993,my-rtb-ad-manager-1,0.17
1791018993,my-rtb-schema-registry-1,0.37
1791018993,my-rtb-postgres-1,22.29
1791018993,my-rtb-redis-1,23.07
1791018993,my-rtb-kafka-1,4.44
1791018995,my-rtb-log-consumer-1,24.67
1791018995,my-rtb-bidder-1,202.40
1791018995,my-rtb-ad-manager-1,0.23
1791018995,my-rtb-schema-registry-1,0.57
1791018995,my-rtb-postgres-1,21.62
1791018995,my-rtb-redis-1,23.78
1791018995,my-rtb-kafka-1,14.78
1791018997,my-rtb-log-consumer-1,21.59
1791018997,my-rtb-bidder-1,186.32
1791018997,my-rtb-ad-manager-1,0.28
1791018997,my-rtb-schema-registry-1,0.55
1791018997,my-rtb-postgres-1,17.26
1791018997,my-rtb-redis-1,29.71
1791018997,my-rtb-kafka-1,9.93
1791018999,my-rtb-log-consumer-1,23.67
1791018999,my-rtb-bidder-1,193.56
1791018999,my-rtb-ad-manager-1,0.17
1791018999,my-rtb-schema-registry-1,0.78
1791018999,my-rtb-postgres-1,24.05
1791018999,my-rtb-redis-1,27.86
1791018999,my-rtb-kafka-1,7.40
1791019001,my-rtb-log-consumer-1,13.78
1791019001,my-rtb-bidder-1,139.81
1791019001,my-rtb-ad-manager-1,0.16
1791019001,my-rtb-schema-registry-1,0.40
1791019001,my-rtb-postgres-1,11.86
1791019001,my-rtb-redis-1,16.71
1791019001,my-rtb-kafka-1,9.37
1791019003,my-rtb-log-consumer-1,20.18
1791019003,my-rtb-bidder-1,202.10
1791019003,my-rtb-ad-manager-1,0.29
1791019003,my-rtb-schema-registry-1,0.91
1791019003,my-rtb-postgres-1,17.34
1791019003,my-rtb-redis-1,34.71
1791019003,my-rtb-kafka-1,28.58
1791019005,my-rtb-log-consumer-1,31.65
1791019005,my-rtb-bidder-1,248.77
1791019005,my-rtb-ad-manager-1,0.69
1791019005,my-rtb-schema-registry-1,4.23
1791019005,my-rtb-postgres-1,11.28
1791019005,my-rtb-redis-1,40.25
1791019005,my-rtb-kafka-1,53.16
1791019007,my-rtb-log-consumer-1,6.96
1791019007,my-rtb-bidder-1,216.34
1791019007,my-rtb-ad-manager-1,0.37
1791019007,my-rtb-schema-registry-1,1.16
1791019007,my-rtb-postgres-1,3.30
1791019007,my-rtb-redis-1,23.28
1791019007,my-rtb-kafka-1,13.01
1791019009,my-rtb-log-consumer-1,19.63
1791019009,my-rtb-bidder-1,198.23
1791019009,my-rtb-ad-manager-1,0.39
1791019009,my-rtb-schema-registry-1,1.05
1791019009,my-rtb-postgres-1,17.60
1791019009,my-rtb-redis-1,27.97
1791019009,my-rtb-kafka-1,12.83
1791019011,my-rtb-log-consumer-1,23.48
1791019011,my-rtb-bidder-1,211.16
1791019011,my-rtb-ad-manager-1,0.31
1791019011,my-rtb-schema-registry-1,1.76
1791019011,my-rtb-postgres-1,18.37
1791019011,my-rtb-redis-1,28.30
1791019011,my-rtb-kafka-1,23.92
1791019014,my-rtb-log-consumer-1,14.13
1791019014,my-rtb-bidder-1,182.95
1791019014,my-rtb-ad-manager-1,0.33
1791019014,my-rtb-schema-registry-1,0.56
1791019014,my-rtb-postgres-1,13.04
1791019014,my-rtb-redis-1,27.33
1791019014,my-rtb-kafka-1,4.37
1791019016,my-rtb-log-consumer-1,28.18
1791019016,my-rtb-bidder-1,208.83
1791019016,my-rtb-ad-manager-1,0.29
1791019016,my-rtb-schema-registry-1,0.80
1791019016,my-rtb-postgres-1,29.77
1791019016,my-rtb-redis-1,33.86
1791019016,my-rtb-kafka-1,15.49
1791019018,my-rtb-log-consumer-1,19.41
1791019018,my-rtb-bidder-1,181.91
1791019018,my-rtb-ad-manager-1,0.74
1791019018,my-rtb-schema-registry-1,5.82
1791019018,my-rtb-postgres-1,10.39
1791019018,my-rtb-redis-1,33.91
1791019018,my-rtb-kafka-1,13.91
1791019020,my-rtb-log-consumer-1,30.58
1791019020,my-rtb-bidder-1,193.76
1791019020,my-rtb-ad-manager-1,0.15
1791019020,my-rtb-schema-registry-1,0.40
1791019020,my-rtb-postgres-1,29.34
1791019020,my-rtb-redis-1,27.53
1791019020,my-rtb-kafka-1,13.90
1791019022,my-rtb-log-consumer-1,15.02
1791019022,my-rtb-bidder-1,190.23
1791019022,my-rtb-ad-manager-1,0.22
1791019022,my-rtb-schema-registry-1,0.70
1791019022,my-rtb-postgres-1,15.75
1791019022,my-rtb-redis-1,24.22
1791019022,my-rtb-kafka-1,6.82
1791019024,my-rtb-log-consumer-1,24.78
1791019024,my-rtb-bidder-1,194.85
1791019024,my-rtb-ad-manager-1,0.19
1791019024,my-rtb-schema-registry-1,0.68
1791019024,my-rtb-postgres-1,24.04
1791019024,my-rtb-redis-1,25.56
1791019024,my-rtb-kafka-1,26.59
1791019026,my-rtb-log-consumer-1,12.76
1791019026,my-rtb-bidder-1,174.87
1791019026,my-rtb-ad-manager-1,0.41
1791019026,my-rtb-schema-registry-1,0.56
1791019026,my-rtb-postgres-1,10.96
1791019026,my-rtb-redis-1,25.89
1791019026,my-rtb-kafka-1,10.96
1791019028,my-rtb-log-consumer-1,24.33
1791019028,my-rtb-bidder-1,204.23
1791019028,my-rtb-ad-manager-1,0.23
1791019028,my-rtb-schema-registry-1,0.94
1791019028,my-rtb-postgres-1,20.04
1791019028,my-rtb-redis-1,38.91
1791019028,my-rtb-kafka-1,11.07
1791019030,my-rtb-log-consumer-1,13.84
1791019030,my-rtb-bidder-1,178.71
1791019030,my-rtb-ad-manager-1,0.28
1791019030,my-rtb-schema-registry-1,0.69
1791019030,my-rtb-postgres-1,12.31
1791019030,my-rtb-redis-1,31.51
1791019030,my-rtb-kafka-1,8.62
1791019032,my-rtb-log-consumer-1,22.80
1791019032,my-rtb-bidder-1,199.63
1791019032,my-rtb-ad-manager-1,0.20
1791019032,my-rtb-schema-registry-1,0.53
1791019032,my-rtb-postgres-1,21.41
1791019032,my-rtb-redis-1,31.31
1791019032,my-rtb-kafka-1,7.59
1791019034,my-rtb-log-consumer-1,20.50
1791019034,my-rtb-bidder-1,193.94
1791019034,my-rtb-ad-manager-1,0.21
1791019034,my-rtb-schema-registry-1,0.59
1791019034,my-rtb-postgres-1,15.81
1791019034,my-rtb-redis-1,22.99
1791019034,my-rtb-kafka-1,9.15
1791019036,my-rtb-log-consumer-1,25.57
1791019036,my-rtb-bidder-1,195.54
1791019036,my-rtb-ad-manager-1,0.43
1791019036,my-rtb-schema-registry-1,0.46
1791019036,my-rtb-postgres-1,25.10
1791019036,my-rtb-redis-1,33.75
1791019036,my-rtb-kafka-1,10.28
1791019038,my-rtb-log-consumer-1,30.11
1791019038,my-rtb-bidder-1,209.58
1791019038,my-rtb-ad-manager-1,0.29
1791019038,my-rtb-schema-registry-1,0.56
1791019038,my-rtb-postgres-1,26.81
1791019038,my-rtb-redis-1,36.22
1791019038,my-rtb-kafka-1,12.23
1791019040,my-rtb-log-consumer-1,30.25
1791019040,my-rtb-bidder-1,214.04
1791019040,my-rtb-ad-manager-1,0.32
1791019040,my-rtb-schema-registry-1,0.83
1791019040,my-rtb-postgres-1,28.16
1791019040,my-rtb-redis-1,19.71
1791019040,my-rtb-kafka-1,24.38
1791019042,my-rtb-log-consumer-1,16.99
1791019042,my-rtb-bidder-1,177.72
1791019042,my-rtb-ad-manager-1,0.21
1791019042,my-rtb-schema-registry-1,0.74
1791019042,my-rtb-postgres-1,11.45
1791019042,my-rtb-redis-1,30.79
1791019042,my-rtb-kafka-1,10.00
1791019044,my-rtb-log-consumer-1,26.11
1791019044,my-rtb-bidder-1,191.08
1791019044,my-rtb-ad-manager-1,0.15
1791019044,my-rtb-schema-registry-1,0.33
1791019044,my-rtb-postgres-1,26.56
1791019044,my-rtb-redis-1,25.40
1791019044,my-rtb-kafka-1,14.14
1791019046,my-rtb-log-consumer-1,20.60
1791019046,my-rtb-bidder-1,193.65
1791019046,my-rtb-ad-manager-1,0.54
1791019046,my-rtb-schema-registry-1,0.51
1791019046,my-rtb-postgres-1,19.32
1791019046,my-rtb-redis-1,30.35
1791019046,my-rtb-kafka-1,9.77
1791019048,my-rtb-log-consumer-1,16.94
1791019048,my-rtb-bidder-1,184.14
1791019048,my-rtb-ad-manager-1,0.29
1791019048,my-rtb-schema-registry-1,0.52
1791019048,my-rtb-postgres-1,15.68
1791019048,my-rtb-redis-1,98.94
1791019048,my-rtb-kafka-1,7.88
1791019050,my-rtb-log-consumer-1,25.10
1791019050,my-rtb-bidder-1,184.26
1791019050,my-rtb-ad-manager-1,0.20
1791019050,my-rtb-schema-registry-1,0.48
1791019050,my-rtb-postgres-1,26.02
1791019050,my-rtb-redis-1,102.49
1791019050,my-rtb-kafka-1,9.74
1791019052,my-rtb-log-consumer-1,21.34
1791019052,my-rtb-bidder-1,180.06
1791019052,my-rtb-ad-manager-1,0.17
1791019052,my-rtb-schema-registry-1,0.39
1791019052,my-rtb-postgres-1,20.69
1791019052,my-rtb-redis-1,86.12
1791019052,my-rtb-kafka-1,11.53
1791019055,my-rtb-log-consumer-1,28.30
1791019055,my-rtb-bidder-1,205.55
1791019055,my-rtb-ad-manager-1,0.27
1791019055,my-rtb-schema-registry-1,0.59
1791019055,my-rtb-postgres-1,27.83
1791019055,my-rtb-redis-1,29.42
1791019055,my-rtb-kafka-1,13.68
1791019057,my-rtb-log-consumer-1,17.05
1791019057,my-rtb-bidder-1,186.12
1791019057,my-rtb-ad-manager-1,0.38
1791019057,my-rtb-schema-registry-1,0.32
1791019057,my-rtb-postgres-1,15.74
1791019057,my-rtb-redis-1,21.67
1791019057,my-rtb-kafka-1,7.20
1791019059,my-rtb-log-consumer-1,20.24
1791019059,my-rtb-bidder-1,195.32
1791019059,my-rtb-ad-manager-1,0.18
1791019059,my-rtb-schema-registry-1,0.46
1791019059,my-rtb-postgres-1,20.52
1791019059,my-rtb-redis-1,25.51
1791019059,my-rtb-kafka-1,5.25
1791019061,my-rtb-log-consumer-1,30.11
1791019061,my-rtb-bidder-1,189.32
1791019061,my-rtb-ad-manager-1,0.13
1791019061,my-rtb-schema-registry-1,0.30
1791019061,my-rtb-postgres-1,31.21
1791019061,my-rtb-redis-1,30.44
1791019061,my-rtb-kafka-1,9.76
1791019063,my-rtb-log-consumer-1,1.86
1791019063,my-rtb-bidder-1,32.95
1791019063,my-rtb-ad-manager-1,0.15
1791019063,my-rtb-schema-registry-1,0.39
1791019063,my-rtb-postgres-1,0.13
1791019063,my-rtb-redis-1,6.33
1791019063,my-rtb-kafka-1,2.47
1791019065,my-rtb-log-consumer-1,1.28
1791019065,my-rtb-bidder-1,14.95
1791019065,my-rtb-ad-manager-1,0.16
1791019065,my-rtb-schema-registry-1,0.34
1791019065,my-rtb-postgres-1,0.15
1791019065,my-rtb-redis-1,3.25
1791019065,my-rtb-kafka-1,1.98
1791019067,my-rtb-log-consumer-1,3.79
1791019067,my-rtb-bidder-1,43.15
1791019067,my-rtb-ad-manager-1,1.19
1791019067,my-rtb-schema-registry-1,1.16
1791019067,my-rtb-postgres-1,0.33
1791019067,my-rtb-redis-1,11.16
1791019067,my-rtb-kafka-1,6.43
1791019067,trusting_yalow,105.80
1791019070,trusting_yalow,101.49
1791019070,my-rtb-log-consumer-1,2.34
1791019070,my-rtb-bidder-1,30.33
1791019070,my-rtb-ad-manager-1,0.24
1791019070,my-rtb-schema-registry-1,0.63
1791019070,my-rtb-postgres-1,0.43
1791019070,my-rtb-redis-1,9.95
1791019070,my-rtb-kafka-1,4.19
1791019072,trusting_yalow,101.84
1791019072,my-rtb-log-consumer-1,2.33
1791019072,my-rtb-bidder-1,39.62
1791019072,my-rtb-ad-manager-1,0.23
1791019072,my-rtb-schema-registry-1,0.53
1791019072,my-rtb-postgres-1,0.23
1791019072,my-rtb-redis-1,8.17
1791019072,my-rtb-kafka-1,4.03
1791019074,trusting_yalow,104.88
1791019074,my-rtb-log-consumer-1,9.50
1791019074,my-rtb-bidder-1,96.05
1791019074,my-rtb-ad-manager-1,0.55
1791019074,my-rtb-schema-registry-1,1.01
1791019074,my-rtb-postgres-1,6.58
1791019074,my-rtb-redis-1,35.44
1791019074,my-rtb-kafka-1,21.38
1791019076,trusting_yalow,101.44
1791019076,my-rtb-log-consumer-1,1.58
1791019076,my-rtb-bidder-1,33.81
1791019076,my-rtb-ad-manager-1,0.34
1791019076,my-rtb-schema-registry-1,0.46
1791019076,my-rtb-postgres-1,0.43
1791019076,my-rtb-redis-1,7.66
1791019076,my-rtb-kafka-1,3.38
1791019078,trusting_yalow,0.00
1791019078,my-rtb-log-consumer-1,3.89
1791019078,my-rtb-bidder-1,66.46
1791019078,my-rtb-ad-manager-1,0.48
1791019078,my-rtb-schema-registry-1,0.93
1791019078,my-rtb-postgres-1,0.33
1791019078,my-rtb-redis-1,12.42
1791019078,my-rtb-kafka-1,6.25
1791019080,my-rtb-log-consumer-1,2.11
1791019080,my-rtb-bidder-1,39.57
1791019080,my-rtb-ad-manager-1,0.20
1791019080,my-rtb-schema-registry-1,0.46
1791019080,my-rtb-postgres-1,0.32
1791019080,my-rtb-redis-1,6.54
1791019080,my-rtb-kafka-1,2.88
1791019082,my-rtb-log-consumer-1,1.43
1791019082,my-rtb-bidder-1,24.80
1791019082,my-rtb-ad-manager-1,0.22
1791019082,my-rtb-schema-registry-1,0.47
1791019082,my-rtb-postgres-1,0.21
1791019082,my-rtb-redis-1,5.75
1791019082,my-rtb-kafka-1,2.51
1791019084,my-rtb-log-consumer-1,1.67
1791019084,my-rtb-bidder-1,22.46
1791019084,my-rtb-ad-manager-1,0.21
1791019084,my-rtb-schema-registry-1,0.51
1791019084,my-rtb-postgres-1,0.22
1791019084,my-rtb-redis-1,5.26
1791019084,my-rtb-kafka-1,2.88
1791019086,my-rtb-log-consumer-1,3.26
1791019086,my-rtb-bidder-1,13.98
1791019086,my-rtb-ad-manager-1,0.65
1791019086,my-rtb-schema-registry-1,1.41
1791019086,my-rtb-postgres-1,0.24
1791019086,my-rtb-redis-1,3.83
1791019086,my-rtb-kafka-1,3.91
1791019088,my-rtb-log-consumer-1,2.10
1791019088,my-rtb-bidder-1,25.83
1791019088,my-rtb-ad-manager-1,0.27
1791019088,my-rtb-schema-registry-1,0.63
1791019088,my-rtb-postgres-1,0.26
1791019088,my-rtb-redis-1,5.32
1791019088,my-rtb-kafka-1,3.18
1791019090,my-rtb-log-consumer-1,1.81
1791019090,my-rtb-bidder-1,20.70
1791019090,my-rtb-ad-manager-1,0.26
1791019090,my-rtb-schema-registry-1,0.53
1791019090,my-rtb-postgres-1,0.35
1791019090,my-rtb-redis-1,5.05
1791019090,my-rtb-kafka-1,3.12
1791019092,my-rtb-log-consumer-1,3.03
1791019092,my-rtb-bidder-1,39.97
1791019092,my-rtb-ad-manager-1,0.24
1791019092,my-rtb-schema-registry-1,0.68
1791019092,my-rtb-postgres-1,1.57
1791019092,my-rtb-redis-1,7.44
1791019092,my-rtb-kafka-1,3.52
1791019095,my-rtb-log-consumer-1,1.82
1791019095,my-rtb-bidder-1,29.20
1791019095,my-rtb-ad-manager-1,0.25
1791019095,my-rtb-schema-registry-1,0.77
1791019095,my-rtb-postgres-1,0.22
1791019095,my-rtb-redis-1,7.64
1791019095,my-rtb-kafka-1,3.31
1791019097,my-rtb-log-consumer-1,1.29
1791019097,my-rtb-bidder-1,38.95
1791019097,my-rtb-ad-manager-1,0.26
1791019097,my-rtb-schema-registry-1,0.52
1791019097,my-rtb-postgres-1,0.24
1791019097,my-rtb-redis-1,10.13
1791019097,my-rtb-kafka-1,3.09
1791019099,my-rtb-log-consumer-1,2.39
1791019099,my-rtb-bidder-1,30.99
1791019099,my-rtb-ad-manager-1,0.22
1791019099,my-rtb-schema-registry-1,0.55
1791019099,my-rtb-postgres-1,0.21
1791019099,my-rtb-redis-1,6.40
1791019099,my-rtb-kafka-1,6.19
1791019101,my-rtb-log-consumer-1,2.39
1791019101,my-rtb-bidder-1,22.38
1791019101,my-rtb-ad-manager-1,0.43
1791019101,my-rtb-schema-registry-1,0.66
1791019101,my-rtb-postgres-1,0.42
1791019101,my-rtb-redis-1,5.33
1791019101,my-rtb-kafka-1,3.77
1791019103,my-rtb-log-consumer-1,1.54
1791019103,my-rtb-bidder-1,36.10
1791019103,my-rtb-ad-manager-1,0.21
1791019103,my-rtb-schema-registry-1,1.04
1791019103,my-rtb-postgres-1,0.19
1791019103,my-rtb-redis-1,6.73
1791019103,my-rtb-kafka-1,2.29
1791019105,my-rtb-log-consumer-1,2.35
1791019105,my-rtb-bidder-1,19.47
1791019105,my-rtb-ad-manager-1,0.24
1791019105,my-rtb-schema-registry-1,0.55
1791019105,my-rtb-postgres-1,0.24
1791019105,my-rtb-redis-1,4.52
1791019105,my-rtb-kafka-1,3.54
1791019107,my-rtb-log-consumer-1,2.03
1791019107,my-rtb-bidder-1,18.55
1791019107,my-rtb-ad-manager-1,0.44
1791019107,my-rtb-schema-registry-1,0.67
1791019107,my-rtb-postgres-1,0.32
1791019107,my-rtb-redis-1,4.09
1791019107,my-rtb-kafka-1,3.22
1791019109,my-rtb-log-consumer-1,1.84
1791019109,my-rtb-bidder-1,26.27
1791019109,my-rtb-ad-manager-1,0.29
1791019109,my-rtb-schema-registry-1,0.67
1791019109,my-rtb-postgres-1,0.27
1791019109,my-rtb-redis-1,5.64
1791019109,my-rtb-kafka-1,3.61
1791019111,my-rtb-log-consumer-1,2.51
1791019111,my-rtb-bidder-1,27.22
1791019111,my-rtb-ad-manager-1,0.23
1791019111,my-rtb-schema-registry-1,0.62
1791019111,my-rtb-postgres-1,0.25
1791019111,my-rtb-redis-1,5.54
1791019111,my-rtb-kafka-1,3.67
1791019113,my-rtb-log-consumer-1,1.83
1791019113,my-rtb-bidder-1,34.33
1791019113,my-rtb-ad-manager-1,0.25
1791019113,my-rtb-schema-registry-1,0.49
1791019113,my-rtb-postgres-1,1.75
1791019113,my-rtb-redis-1,6.61
1791019113,my-rtb-kafka-1,2.90
1791019115,my-rtb-log-consumer-1,0.92
1791019115,my-rtb-bidder-1,15.08
1791019115,my-rtb-ad-manager-1,0.13
1791019115,my-rtb-schema-registry-1,0.22
1791019115,my-rtb-postgres-1,0.18
1791019115,my-rtb-redis-1,49.38
1791019115,my-rtb-kafka-1,3.06
1791019117,my-rtb-log-consumer-1,2.62
1791019117,my-rtb-bidder-1,39.90
1791019117,my-rtb-ad-manager-1,0.30
1791019117,my-rtb-schema-registry-1,0.61
1791019117,my-rtb-postgres-1,0.27
1791019117,my-rtb-redis-1,6.73
1791019117,my-rtb-kafka-1,3.62
1791019119,my-rtb-log-consumer-1,2.01
1791019119,my-rtb-bidder-1,24.94
1791019119,my-rtb-ad-manager-1,0.31
1791019119,my-rtb-schema-registry-1,0.75
1791019119,my-rtb-postgres-1,0.31
1791019119,my-rtb-redis-1,4.68
1791019119,my-rtb-kafka-1,3.19
1791019121,my-rtb-log-consumer-1,2.14
1791019121,my-rtb-bidder-1,18.81
1791019121,my-rtb-ad-manager-1,0.28
1791019121,my-rtb-schema-registry-1,0.60
1791019121,my-rtb-postgres-1,0.28
1791019121,my-rtb-redis-1,3.74
1791019121,my-rtb-kafka-1,3.68
1791019123,my-rtb-log-consumer-1,1.87
1791019123,my-rtb-bidder-1,34.40
1791019123,my-rtb-ad-manager-1,0.15
1791019123,my-rtb-schema-registry-1,0.41
1791019123,my-rtb-postgres-1,0.13
1791019123,my-rtb-redis-1,4.99
1791019123,my-rtb-kafka-1,2.19
1791019125,my-rtb-log-consumer-1,1.46
1791019125,my-rtb-bidder-1,14.75
1791019125,my-rtb-ad-manager-1,0.16
1791019125,my-rtb-schema-registry-1,0.89
1791019125,my-rtb-postgres-1,0.16
1791019125,my-rtb-redis-1,2.59
1791019125,my-rtb-kafka-1,2.21
1791019125,zealous_haslett,100.00
1791019128,my-rtb-log-consumer-1,0.67
1791019128,my-rtb-bidder-1,15.54
1791019128,my-rtb-ad-manager-1,0.06
1791019128,my-rtb-schema-registry-1,0.12
1791019128,my-rtb-postgres-1,0.05
1791019128,my-rtb-redis-1,1.81
1791019128,my-rtb-kafka-1,0.74
1791019130,my-rtb-log-consumer-1,1.41
1791019130,my-rtb-bidder-1,36.02
1791019130,my-rtb-ad-manager-1,0.26
1791019130,my-rtb-schema-registry-1,0.60
1791019130,my-rtb-postgres-1,0.32
1791019130,my-rtb-redis-1,6.05
1791019130,my-rtb-kafka-1,2.99
1791019132,my-rtb-log-consumer-1,2.20
1791019132,my-rtb-bidder-1,30.04
1791019132,my-rtb-ad-manager-1,0.21
1791019132,my-rtb-schema-registry-1,0.47
1791019132,my-rtb-postgres-1,1.40
1791019132,my-rtb-redis-1,5.41
1791019132,my-rtb-kafka-1,2.88
1791019134,my-rtb-log-consumer-1,2.53
1791019134,my-rtb-bidder-1,25.38
1791019134,my-rtb-ad-manager-1,0.32
1791019134,my-rtb-schema-registry-1,0.80
1791019134,my-rtb-postgres-1,0.24
1791019134,my-rtb-redis-1,4.73
1791019134,my-rtb-kafka-1,3.29
1791019136,my-rtb-log-consumer-1,1.62
1791019136,my-rtb-bidder-1,27.30
1791019136,my-rtb-ad-manager-1,0.31
1791019136,my-rtb-schema-registry-1,0.59
1791019136,my-rtb-postgres-1,0.28
1791019136,my-rtb-redis-1,4.53
1791019136,my-rtb-kafka-1,2.86
1791019138,my-rtb-log-consumer-1,2.26
1791019138,my-rtb-bidder-1,15.54
1791019138,my-rtb-ad-manager-1,0.25
1791019138,my-rtb-schema-registry-1,0.81
1791019138,my-rtb-postgres-1,0.25
1791019138,my-rtb-redis-1,3.32
1791019138,my-rtb-kafka-1,3.60
1791019140,my-rtb-log-consumer-1,3.09
1791019140,my-rtb-bidder-1,21.48
1791019140,my-rtb-ad-manager-1,0.33
1791019140,my-rtb-schema-registry-1,1.64
1791019140,my-rtb-postgres-1,0.39
1791019140,my-rtb-redis-1,4.86
1791019140,my-rtb-kafka-1,4.51
1791019142,my-rtb-log-consumer-1,2.18
1791019142,my-rtb-bidder-1,18.37
1791019142,my-rtb-ad-manager-1,0.30
1791019142,my-rtb-schema-registry-1,0.90
1791019142,my-rtb-postgres-1,0.19
1791019142,my-rtb-redis-1,3.83
1791019142,my-rtb-kafka-1,6.14
1791019144,my-rtb-log-consumer-1,1.67
1791019144,my-rtb-bidder-1,27.68
1791019144,my-rtb-ad-manager-1,0.23
1791019144,my-rtb-schema-registry-1,0.54
1791019144,my-rtb-postgres-1,0.26
1791019144,my-rtb-redis-1,4.79
1791019144,my-rtb-kafka-1,3.21
1791019146,my-rtb-log-consumer-1,3.18
1791019146,my-rtb-bidder-1,34.66
1791019146,my-rtb-ad-manager-1,0.36
1791019146,my-rtb-schema-registry-1,0.61
1791019146,my-rtb-postgres-1,0.34
1791019146,my-rtb-redis-1,6.92
1791019146,my-rtb-kafka-1,3.61
1791019148,my-rtb-log-consumer-1,2.25
1791019148,my-rtb-bidder-1,31.90
1791019148,my-rtb-ad-manager-1,0.26
1791019148,my-rtb-schema-registry-1,0.64
1791019148,my-rtb-postgres-1,0.36
1791019148,my-rtb-redis-1,5.82
1791019148,my-rtb-kafka-1,3.20
1791019150,my-rtb-log-consumer-1,2.14
1791019150,my-rtb-bidder-1,12.50
1791019150,my-rtb-ad-manager-1,0.27
1791019150,my-rtb-schema-registry-1,0.79
1791019150,my-rtb-postgres-1,0.29
1791019150,my-rtb-redis-1,2.75
1791019150,my-rtb-kafka-1,3.47
1791019153,my-rtb-log-consumer-1,3.01
1791019153,my-rtb-bidder-1,16.18
1791019153,my-rtb-ad-manager-1,0.31
1791019153,my-rtb-schema-registry-1,0.64
1791019153,my-rtb-postgres-1,0.99
1791019153,my-rtb-redis-1,3.24
1791019153,my-rtb-kafka-1,3.51
1791019155,my-rtb-log-consumer-1,2.28
1791019155,my-rtb-bidder-1,19.02
1791019155,my-rtb-ad-manager-1,0.35
1791019155,my-rtb-schema-registry-1,0.66
1791019155,my-rtb-postgres-1,0.32
1791019155,my-rtb-redis-1,3.91
1791019155,my-rtb-kafka-1,3.63
1791019157,my-rtb-log-consumer-1,1.38
1791019157,my-rtb-bidder-1,19.49
1791019157,my-rtb-ad-manager-1,0.26
1791019157,my-rtb-schema-registry-1,0.47
1791019157,my-rtb-postgres-1,0.25
1791019157,my-rtb-redis-1,3.70
1791019157,my-rtb-kafka-1,2.50
1791019159,my-rtb-log-consumer-1,3.23
1791019159,my-rtb-bidder-1,26.92
1791019159,my-rtb-ad-manager-1,0.28
1791019159,my-rtb-schema-registry-1,0.73
1791019159,my-rtb-postgres-1,0.33
1791019159,my-rtb-redis-1,5.01
1791019159,my-rtb-kafka-1,4.13
1791019161,my-rtb-log-consumer-1,2.46
1791019161,my-rtb-bidder-1,19.69
1791019161,my-rtb-ad-manager-1,0.31
1791019161,my-rtb-schema-registry-1,0.74
1791019161,my-rtb-postgres-1,0.28
1791019161,my-rtb-redis-1,4.08
1791019161,my-rtb-kafka-1,3.86
1791019163,my-rtb-log-consumer-1,1.76
1791019163,my-rtb-bidder-1,20.64
1791019163,my-rtb-ad-manager-1,0.33
1791019163,my-rtb-schema-registry-1,0.74
1791019163,my-rtb-postgres-1,0.25
1791019163,my-rtb-redis-1,4.00
1791019163,my-rtb-kafka-1,2.98
1791019165,my-rtb-log-consumer-1,3.80
1791019165,my-rtb-bidder-1,26.14
1791019165,my-rtb-ad-manager-1,0.27
1791019165,my-rtb-schema-registry-1,0.64
1791019165,my-rtb-postgres-1,0.27
1791019165,my-rtb-redis-1,5.35
1791019165,my-rtb-kafka-1,4.08
1791019167,my-rtb-log-consumer-1,2.35
1791019167,my-rtb-bidder-1,19.25
1791019167,my-rtb-ad-manager-1,0.41
1791019167,my-rtb-schema-registry-1,0.76
1791019167,my-rtb-postgres-1,0.35
1791019167,my-rtb-redis-1,4.01
1791019167,my-rtb-kafka-1,3.94
1791019169,my-rtb-log-consumer-1,1.91
1791019169,my-rtb-bidder-1,21.27
1791019169,my-rtb-ad-manager-1,0.29
1791019169,my-rtb-schema-registry-1,0.62
1791019169,my-rtb-postgres-1,0.28
1791019169,my-rtb-redis-1,4.22
1791019169,my-rtb-kafka-1,3.51
1791019171,my-rtb-log-consumer-1,2.59
1791019171,my-rtb-bidder-1,23.24
1791019171,my-rtb-ad-manager-1,0.27
1791019171,my-rtb-schema-registry-1,0.56
1791019171,my-rtb-postgres-1,0.31
1791019171,my-rtb-redis-1,4.59
1791019171,my-rtb-kafka-1,3.70
1791019173,my-rtb-log-consumer-1,2.41
1791019173,my-rtb-bidder-1,12.81
1791019173,my-rtb-ad-manager-1,0.29
1791019173,my-rtb-schema-registry-1,0.65
1791019173,my-rtb-postgres-1,1.28
1791019173,my-rtb-redis-1,3.15
1791019173,my-rtb-kafka-1,3.34
1791019175,my-rtb-log-consumer-1,1.73
1791019175,my-rtb-bidder-1,17.11
1791019175,my-rtb-ad-manager-1,0.30
1791019175,my-rtb-schema-registry-1,0.64
1791019175,my-rtb-postgres-1,0.36
1791019175,my-rtb-redis-1,3.89
1791019175,my-rtb-kafka-1,3.92
1791019177,my-rtb-log-consumer-1,1.25
1791019177,my-rtb-bidder-1,14.90
1791019177,my-rtb-ad-manager-1,0.19
1791019177,my-rtb-schema-registry-1,0.38
1791019177,my-rtb-postgres-1,0.18
1791019177,my-rtb-redis-1,43.94
1791019177,my-rtb-kafka-1,1.94
1791019179,my-rtb-log-consumer-1,2.68
1791019179,my-rtb-bidder-1,29.10
1791019179,my-rtb-ad-manager-1,0.33
1791019179,my-rtb-schema-registry-1,0.79
1791019179,my-rtb-postgres-1,0.30
1791019179,my-rtb-redis-1,5.34
1791019179,my-rtb-kafka-1,3.61
1791019181,my-rtb-log-consumer-1,1.68
1791019181,my-rtb-bidder-1,15.23
1791019181,my-rtb-ad-manager-1,0.27
1791019181,my-rtb-schema-registry-1,0.59
1791019181,my-rtb-postgres-1,0.25
1791019181,my-rtb-redis-1,3.37
1791019181,my-rtb-kafka-1,3.20
1791019183,my-rtb-log-consumer-1,1.93
1791019183,my-rtb-bidder-1,13.61
1791019183,my-rtb-ad-manager-1,0.18
1791019183,my-rtb-schema-registry-1,3.05
1791019183,my-rtb-postgres-1,0.19
1791019183,my-rtb-redis-1,2.73
1791019183,my-rtb-kafka-1,2.46
1791019185,my-rtb-log-consumer-1,0.57
1791019185,my-rtb-bidder-1,5.78
1791019185,my-rtb-ad-manager-1,0.08
1791019185,my-rtb-schema-registry-1,0.33
1791019185,my-rtb-postgres-1,0.05
1791019185,my-rtb-redis-1,0.87
1791019185,my-rtb-kafka-1,1.23
1791019185,gallant_shirley,99.72
1791019188,my-rtb-log-consumer-1,1.93
1791019188,my-rtb-bidder-1,18.85
1791019188,my-rtb-ad-manager-1,0.19
1791019188,my-rtb-schema-registry-1,0.52
1791019188,my-rtb-postgres-1,0.20
1791019188,my-rtb-redis-1,3.60
1791019188,my-rtb-kafka-1,2.23
1791019190,my-rtb-log-consumer-1,1.58
1791019190,my-rtb-bidder-1,28.77
1791019190,my-rtb-ad-manager-1,0.27
1791019190,my-rtb-schema-registry-1,0.59
1791019190,my-rtb-postgres-1,0.32
1791019190,my-rtb-redis-1,5.24
1791019190,my-rtb-kafka-1,3.54
1791019192,my-rtb-log-consumer-1,2.27
1791019192,my-rtb-bidder-1,14.64
1791019192,my-rtb-ad-manager-1,0.23
1791019192,my-rtb-schema-registry-1,0.64
1791019192,my-rtb-postgres-1,1.49
1791019192,my-rtb-redis-1,2.94
1791019192,my-rtb-kafka-1,3.10
1791019194,my-rtb-log-consumer-1,2.57
1791019194,my-rtb-bidder-1,21.01
1791019194,my-rtb-ad-manager-1,0.28
1791019194,my-rtb-schema-registry-1,0.60
1791019194,my-rtb-postgres-1,0.25
1791019194,my-rtb-redis-1,3.73
1791019194,my-rtb-kafka-1,3.65
1791019196,my-rtb-log-consumer-1,1.62
1791019196,my-rtb-bidder-1,19.64
1791019196,my-rtb-ad-manager-1,0.36
1791019196,my-rtb-schema-registry-1,0.58
1791019196,my-rtb-postgres-1,0.30
1791019196,my-rtb-redis-1,4.11
1791019196,my-rtb-kafka-1,3.09
1791019198,my-rtb-log-consumer-1,2.25
1791019198,my-rtb-bidder-1,18.96
1791019198,my-rtb-ad-manager-1,0.28
1791019198,my-rtb-schema-registry-1,0.61
1791019198,my-rtb-postgres-1,0.22
1791019198,my-rtb-redis-1,3.45
1791019198,my-rtb-kafka-1,3.05
1791019200,my-rtb-log-consumer-1,2.91
1791019200,my-rtb-bidder-1,20.47
1791019200,my-rtb-ad-manager-1,0.26
1791019200,my-rtb-schema-registry-1,0.57
1791019200,my-rtb-postgres-1,0.26
1791019200,my-rtb-redis-1,3.85
1791019200,my-rtb-kafka-1,3.99
1791019202,my-rtb-log-consumer-1,1.69
1791019202,my-rtb-bidder-1,22.57
1791019202,my-rtb-ad-manager-1,0.27
1791019202,my-rtb-schema-registry-1,0.59
1791019202,my-rtb-postgres-1,0.30
1791019202,my-rtb-redis-1,4.55
1791019202,my-rtb-kafka-1,3.42
1791019204,my-rtb-log-consumer-1,1.89
1791019204,my-rtb-bidder-1,16.83
1791019204,my-rtb-ad-manager-1,0.23
1791019204,my-rtb-schema-registry-1,7.45
1791019204,my-rtb-postgres-1,0.19
1791019204,my-rtb-redis-1,3.20
1791019204,my-rtb-kafka-1,3.08
1791019206,my-rtb-log-consumer-1,2.55
1791019206,my-rtb-bidder-1,20.88
1791019206,my-rtb-ad-manager-1,0.34
1791019206,my-rtb-schema-registry-1,0.76
1791019206,my-rtb-postgres-1,0.28
1791019206,my-rtb-redis-1,3.74
1791019206,my-rtb-kafka-1,9.48
1791019208,my-rtb-log-consumer-1,4.29
1791019208,my-rtb-bidder-1,19.96
1791019208,my-rtb-ad-manager-1,0.30
1791019208,my-rtb-schema-registry-1,2.48
1791019208,my-rtb-postgres-1,0.30
1791019208,my-rtb-redis-1,3.66
1791019208,my-rtb-kafka-1,4.89
1791019210,my-rtb-log-consumer-1,1.89
1791019210,my-rtb-bidder-1,15.86
1791019210,my-rtb-ad-manager-1,0.26
1791019210,my-rtb-schema-registry-1,0.58
1791019210,my-rtb-postgres-1,0.23
1791019210,my-rtb-redis-1,3.02
1791019210,my-rtb-kafka-1,4.02
1791019212,my-rtb-log-consumer-1,3.18
1791019212,my-rtb-bidder-1,13.81
1791019212,my-rtb-ad-manager-1,0.29
1791019212,my-rtb-schema-registry-1,0.67
1791019212,my-rtb-postgres-1,0.95
1791019212,my-rtb-redis-1,2.95
1791019212,my-rtb-kafka-1,3.57
1791019215,my-rtb-log-consumer-1,1.70
1791019215,my-rtb-bidder-1,14.78
1791019215,my-rtb-ad-manager-1,0.24
1791019215,my-rtb-schema-registry-1,0.51
1791019215,my-rtb-postgres-1,0.21
1791019215,my-rtb-redis-1,2.73
1791019215,my-rtb-kafka-1,3.06
1791019217,my-rtb-log-consumer-1,1.85
1791019217,my-rtb-bidder-1,9.64
1791019217,my-rtb-ad-manager-1,0.28
1791019217,my-rtb-schema-registry-1,0.60
1791019217,my-rtb-postgres-1,0.27
1791019217,my-rtb-redis-1,2.07
1791019217,my-rtb-kafka-1,3.19
1791019219,my-rtb-log-consumer-1,3.24
1791019219,my-rtb-bidder-1,23.97
1791019219,my-rtb-ad-manager-1,0.28
1791019219,my-rtb-schema-registry-1,0.68
1791019219,my-rtb-postgres-1,0.27
1791019219,my-rtb-redis-1,4.28
1791019219,my-rtb-kafka-1,3.89
1791019221,my-rtb-log-consumer-1,1.80
1791019221,my-rtb-bidder-1,21.80
1791019221,my-rtb-ad-manager-1,0.29
1791019221,my-rtb-schema-registry-1,0.54
1791019221,my-rtb-postgres-1,0.23
1791019221,my-rtb-redis-1,3.91
1791019221,my-rtb-kafka-1,3.15
1791019223,my-rtb-log-consumer-1,1.86
1791019223,my-rtb-bidder-1,11.25
1791019223,my-rtb-ad-manager-1,0.29
1791019223,my-rtb-schema-registry-1,0.55
1791019223,my-rtb-postgres-1,0.25
1791019223,my-rtb-redis-1,2.53
1791019223,my-rtb-kafka-1,3.01
1791019225,my-rtb-log-consumer-1,3.07
1791019225,my-rtb-bidder-1,27.93
1791019225,my-rtb-ad-manager-1,0.25
1791019225,my-rtb-schema-registry-1,0.62
1791019225,my-rtb-postgres-1,0.31
1791019225,my-rtb-redis-1,4.54
1791019225,my-rtb-kafka-1,3.80
1791019227,my-rtb-log-consumer-1,1.97
1791019227,my-rtb-bidder-1,15.70
1791019227,my-rtb-ad-manager-1,0.38
1791019227,my-rtb-schema-registry-1,0.62
1791019227,my-rtb-postgres-1,0.27
1791019227,my-rtb-redis-1,3.11
1791019227,my-rtb-kafka-1,3.10
1791019229,my-rtb-log-consumer-1,2.18
1791019229,my-rtb-bidder-1,10.98
1791019229,my-rtb-ad-manager-1,0.26
1791019229,my-rtb-schema-registry-1,3.34
1791019229,my-rtb-postgres-1,0.24
1791019229,my-rtb-redis-1,2.38
1791019229,my-rtb-kafka-1,4.31
1791019231,my-rtb-log-consumer-1,2.98
1791019231,my-rtb-bidder-1,21.94
1791019231,my-rtb-ad-manager-1,0.28
1791019231,my-rtb-schema-registry-1,0.63
1791019231,my-rtb-postgres-1,0.23
1791019231,my-rtb-redis-1,3.10
1791019231,my-rtb-kafka-1,3.80
1791019233,my-rtb-log-consumer-1,2.33
1791019233,my-rtb-bidder-1,12.45
1791019233,my-rtb-ad-manager-1,0.35
1791019233,my-rtb-schema-registry-1,0.58
1791019233,my-rtb-postgres-1,0.85
1791019233,my-rtb-redis-1,2.95
1791019233,my-rtb-kafka-1,3.43
1791019235,my-rtb-log-consumer-1,2.15
1791019235,my-rtb-bidder-1,15.76
1791019235,my-rtb-ad-manager-1,0.31
1791019235,my-rtb-schema-registry-1,0.48
1791019235,my-rtb-postgres-1,0.02
1791019235,my-rtb-redis-1,3.70
1791019235,my-rtb-kafka-1,10.04
1791019237,my-rtb-log-consumer-1,2.97
1791019237,my-rtb-bidder-1,10.21
1791019237,my-rtb-ad-manager-1,0.33
1791019237,my-rtb-schema-registry-1,0.67
1791019237,my-rtb-postgres-1,0.03
1791019237,my-rtb-redis-1,2.53
1791019237,my-rtb-kafka-1,3.95
1791019239,my-rtb-log-consumer-1,1.98
1791019239,my-rtb-bidder-1,17.63
1791019239,my-rtb-ad-manager-1,0.22
1791019239,my-rtb-schema-registry-1,0.48
1791019239,my-rtb-postgres-1,0.03
1791019239,my-rtb-redis-1,14.34
1791019239,my-rtb-kafka-1,2.82
1791019241,my-rtb-log-consumer-1,1.95
1791019241,my-rtb-bidder-1,14.16
1791019241,my-rtb-ad-manager-1,0.27
1791019241,my-rtb-schema-registry-1,0.53
1791019241,my-rtb-postgres-1,0.02
1791019241,my-rtb-redis-1,3.17
1791019241,my-rtb-kafka-1,3.59
1791019243,my-rtb-log-consumer-1,1.98
1791019243,my-rtb-bidder-1,10.02
1791019243,my-rtb-ad-manager-1,0.16
1791019243,my-rtb-schema-registry-1,0.42
1791019243,my-rtb-postgres-1,0.01
1791019243,my-rtb-redis-1,2.24
1791019243,my-rtb-kafka-1,2.64
1791019245,my-rtb-log-consumer-1,0.81
1791019245,my-rtb-bidder-1,7.45
1791019245,my-rtb-ad-manager-1,0.10
1791019245,my-rtb-schema-registry-1,0.24
1791019245,my-rtb-postgres-1,0.01
1791019245,my-rtb-redis-1,0.97
1791019245,my-rtb-kafka-1,1.26
1791019245,quizzical_herschel,99.90
1791019248,my-rtb-log-consumer-1,1.76
1791019248,my-rtb-bidder-1,9.28
1791019248,my-rtb-ad-manager-1,0.20
1791019248,my-rtb-schema-registry-1,0.40
1791019248,my-rtb-postgres-1,0.00
1791019248,my-rtb-redis-1,1.93
1791019248,my-rtb-kafka-1,2.25
1791019250,my-rtb-log-consumer-1,1.75
1791019250,my-rtb-bidder-1,22.35
1791019250,my-rtb-ad-manager-1,0.26
1791019250,my-rtb-schema-registry-1,0.59
1791019250,my-rtb-postgres-1,0.00
1791019250,my-rtb-redis-1,4.22
1791019250,my-rtb-kafka-1,3.26
1791019252,my-rtb-log-consumer-1,2.38
1791019252,my-rtb-bidder-1,18.51
1791019252,my-rtb-ad-manager-1,0.22
1791019252,my-rtb-schema-registry-1,0.62
1791019252,my-rtb-postgres-1,0.70
1791019252,my-rtb-redis-1,3.85
1791019252,my-rtb-kafka-1,3.31
1791019254,my-rtb-log-consumer-1,2.14
1791019254,my-rtb-bidder-1,17.23
1791019254,my-rtb-ad-manager-1,0.23
1791019254,my-rtb-schema-registry-1,0.52
1791019254,my-rtb-postgres-1,0.00
1791019254,my-rtb-redis-1,3.26
1791019254,my-rtb-kafka-1,3.05
1791019256,my-rtb-log-consumer-1,2.15
1791019256,my-rtb-bidder-1,15.43
1791019256,my-rtb-ad-manager-1,0.42
1791019256,my-rtb-schema-registry-1,0.61
1791019256,my-rtb-postgres-1,0.01
1791019256,my-rtb-redis-1,2.89
1791019256,my-rtb-kafka-1,3.06
1791019258,my-rtb-log-consumer-1,2.36
1791019258,my-rtb-bidder-1,10.25
1791019258,my-rtb-ad-manager-1,0.26
1791019258,my-rtb-schema-registry-1,0.59
1791019258,my-rtb-postgres-1,0.00
1791019258,my-rtb-redis-1,2.29
1791019258,my-rtb-kafka-1,3.29
1791019260,my-rtb-log-consumer-1,2.54
1791019260,my-rtb-bidder-1,23.47
1791019260,my-rtb-ad-manager-1,0.34
1791019260,my-rtb-schema-registry-1,0.54
1791019260,my-rtb-postgres-1,0.00
1791019260,my-rtb-redis-1,4.32
1791019260,my-rtb-kafka-1,3.31
1791019262,my-rtb-log-consumer-1,2.07
1791019262,my-rtb-bidder-1,20.64
1791019262,my-rtb-ad-manager-1,0.32
1791019262,my-rtb-schema-registry-1,0.56
1791019262,my-rtb-postgres-1,0.00
1791019262,my-rtb-redis-1,3.48
1791019262,my-rtb-kafka-1,3.43
1791019264,my-rtb-log-consumer-1,2.07
1791019264,my-rtb-bidder-1,13.13
1791019264,my-rtb-ad-manager-1,0.29
1791019264,my-rtb-schema-registry-1,0.59
1791019264,my-rtb-postgres-1,0.00
1791019264,my-rtb-redis-1,2.85
1791019264,my-rtb-kafka-1,3.55
1791019266,my-rtb-log-consumer-1,3.07
1791019266,my-rtb-bidder-1,15.55
1791019266,my-rtb-ad-manager-1,0.34
1791019266,my-rtb-schema-registry-1,0.58
1791019266,my-rtb-postgres-1,0.01
1791019266,my-rtb-redis-1,3.00
1791019266,my-rtb-kafka-1,3.78
1791019268,my-rtb-log-consumer-1,3.44
1791019268,my-rtb-bidder-1,16.33
1791019268,my-rtb-ad-manager-1,0.38
1791019268,my-rtb-schema-registry-1,0.67
1791019268,my-rtb-postgres-1,0.00
1791019268,my-rtb-redis-1,2.70
1791019268,my-rtb-kafka-1,3.60
1791019271,my-rtb-log-consumer-1,1.57
1791019271,my-rtb-bidder-1,15.53
1791019271,my-rtb-ad-manager-1,0.25
1791019271,my-rtb-schema-registry-1,0.49
1791019271,my-rtb-postgres-1,0.00
1791019271,my-rtb-redis-1,3.16
1791019271,my-rtb-kafka-1,3.06
1791019273,my-rtb-log-consumer-1,3.48
1791019273,my-rtb-bidder-1,8.75
1791019273,my-rtb-ad-manager-1,0.32
1791019273,my-rtb-schema-registry-1,0.68
1791019273,my-rtb-postgres-1,0.76
1791019273,my-rtb-redis-1,1.98
1791019273,my-rtb-kafka-1,4.51
1791019275,my-rtb-log-consumer-1,1.83
1791019275,my-rtb-bidder-1,12.85
1791019275,my-rtb-ad-manager-1,0.26
1791019275,my-rtb-schema-registry-1,0.47
1791019275,my-rtb-postgres-1,0.00
1791019275,my-rtb-redis-1,2.82
1791019275,my-rtb-kafka-1,3.24
1791019277,my-rtb-log-consumer-1,2.01
1791019277,my-rtb-bidder-1,18.32
1791019277,my-rtb-ad-manager-1,0.29
1791019277,my-rtb-schema-registry-1,0.60
1791019277,my-rtb-postgres-1,0.01
1791019277,my-rtb-redis-1,3.41
1791019277,my-rtb-kafka-1,4.41
1791019279,my-rtb-log-consumer-1,3.18
1791019279,my-rtb-bidder-1,7.42
1791019279,my-rtb-ad-manager-1,0.27
1791019279,my-rtb-schema-registry-1,0.65
1791019279,my-rtb-postgres-1,0.00
1791019279,my-rtb-redis-1,1.71
1791019279,my-rtb-kafka-1,4.41
1791019281,my-rtb-log-consumer-1,1.93
1791019281,my-rtb-bidder-1,12.10
1791019281,my-rtb-ad-manager-1,0.33
1791019281,my-rtb-schema-registry-1,0.58
1791019281,my-rtb-postgres-1,0.00
1791019281,my-rtb-redis-1,2.59
1791019281,my-rtb-kafka-1,4.60
1791019283,my-rtb-log-consumer-1,2.02
1791019283,my-rtb-bidder-1,16.30
1791019283,my-rtb-ad-manager-1,0.28
1791019283,my-rtb-schema-registry-1,0.54
1791019283,my-rtb-postgres-1,0.00
1791019283,my-rtb-redis-1,3.24
1791019283,my-rtb-kafka-1,3.46
1791019285,my-rtb-log-consumer-1,2.66
1791019285,my-rtb-bidder-1,14.69
1791019285,my-rtb-ad-manager-1,0.21
1791019285,my-rtb-schema-registry-1,0.57
1791019285,my-rtb-postgres-1,0.00
1791019285,my-rtb-redis-1,3.00
1791019285,my-rtb-kafka-1,10.58
1791019287,my-rtb-log-consumer-1,2.23
1791019287,my-rtb-bidder-1,10.34
1791019287,my-rtb-ad-manager-1,0.31
1791019287,my-rtb-schema-registry-1,0.68
1791019287,my-rtb-postgres-1,0.01
1791019287,my-rtb-redis-1,2.31
1791019287,my-rtb-kafka-1,3.58
1791019289,my-rtb-log-consumer-1,1.52
1791019289,my-rtb-bidder-1,22.58
1791019289,my-rtb-ad-manager-1,0.27
1791019289,my-rtb-schema-registry-1,0.53
1791019289,my-rtb-postgres-1,0.00
1791019289,my-rtb-redis-1,4.17
1791019289,my-rtb-kafka-1,2.85
1791019291,my-rtb-log-consumer-1,2.51
1791019291,my-rtb-bidder-1,16.23
1791019291,my-rtb-ad-manager-1,0.28
1791019291,my-rtb-schema-registry-1,0.83
1791019291,my-rtb-postgres-1,0.01
1791019291,my-rtb-redis-1,3.25
1791019291,my-rtb-kafka-1,3.37
1791019293,my-rtb-log-consumer-1,1.83
1791019293,my-rtb-bidder-1,9.12
1791019293,my-rtb-ad-manager-1,0.27
1791019293,my-rtb-schema-registry-1,0.58
1791019293,my-rtb-postgres-1,0.89
1791019293,my-rtb-redis-1,2.00
1791019293,my-rtb-kafka-1,3.27
1791019295,my-rtb-log-consumer-1,1.84
1791019295,my-rtb-bidder-1,13.28
1791019295,my-rtb-ad-manager-1,0.28
1791019295,my-rtb-schema-registry-1,0.57
1791019295,my-rtb-postgres-1,0.00
1791019295,my-rtb-redis-1,2.55
1791019295,my-rtb-kafka-1,3.86
1791019297,my-rtb-log-consumer-1,3.28
1791019297,my-rtb-bidder-1,15.52
1791019297,my-rtb-ad-manager-1,0.37
1791019297,my-rtb-schema-registry-1,0.72
1791019297,my-rtb-postgres-1,0.01
1791019297,my-rtb-redis-1,3.50
1791019297,my-rtb-kafka-1,3.85
1791019299,my-rtb-log-consumer-1,2.32
1791019299,my-rtb-bidder-1,10.49
1791019299,my-rtb-ad-manager-1,0.28
1791019299,my-rtb-schema-registry-1,0.63
1791019299,my-rtb-postgres-1,0.00
1791019299,my-rtb-redis-1,3.96
1791019299,my-rtb-kafka-1,4.59
1791019301,my-rtb-log-consumer-1,1.42
1791019301,my-rtb-bidder-1,19.55
1791019301,my-rtb-ad-manager-1,0.27
1791019301,my-rtb-schema-registry-1,0.47
1791019301,my-rtb-postgres-1,0.01
1791019301,my-rtb-redis-1,10.04
1791019301,my-rtb-kafka-1,2.47
1791019303,my-rtb-log-consumer-1,1.86
1791019303,my-rtb-bidder-1,11.05
1791019303,my-rtb-ad-manager-1,0.19
1791019303,my-rtb-schema-registry-1,0.38
1791019303,my-rtb-postgres-1,0.00
1791019303,my-rtb-redis-1,2.38
1791019303,my-rtb-kafka-1,2.34
1791019305,my-rtb-log-consumer-1,0.74
1791019305,my-rtb-bidder-1,9.86
1791019305,my-rtb-ad-manager-1,0.09
1791019305,my-rtb-schema-registry-1,0.32
1791019305,my-rtb-postgres-1,0.00
1791019305,my-rtb-redis-1,1.51
1791019305,my-rtb-kafka-1,1.22
1791019305,lucid_knuth,99.47
1791019308,my-rtb-log-consumer-1,1.45
1791019308,my-rtb-bidder-1,9.72
1791019308,my-rtb-ad-manager-1,0.21
1791019308,my-rtb-schema-registry-1,0.41
1791019308,my-rtb-postgres-1,0.00
1791019308,my-rtb-redis-1,1.83
1791019308,my-rtb-kafka-1,1.96
1791019310,my-rtb-log-consumer-1,1.72
1791019310,my-rtb-bidder-1,5.84
1791019310,my-rtb-ad-manager-1,0.32
1791019310,my-rtb-schema-registry-1,0.57
1791019310,my-rtb-postgres-1,0.00
1791019310,my-rtb-redis-1,1.59
1791019310,my-rtb-kafka-1,3.59
1791019312,my-rtb-log-consumer-1,2.37
1791019312,my-rtb-bidder-1,7.61
1791019312,my-rtb-ad-manager-1,0.24
1791019312,my-rtb-schema-registry-1,0.64
1791019312,my-rtb-postgres-1,0.75
1791019312,my-rtb-redis-1,1.97
1791019312,my-rtb-kafka-1,3.31
1791019314,my-rtb-log-consumer-1,2.45
1791019314,my-rtb-bidder-1,7.96
1791019314,my-rtb-ad-manager-1,0.32
1791019314,my-rtb-schema-registry-1,0.63
1791019314,my-rtb-postgres-1,0.00
1791019314,my-rtb-redis-1,2.03
1791019314,my-rtb-kafka-1,3.57
1791019316,my-rtb-log-consumer-1,1.67
1791019316,my-rtb-bidder-1,9.68
1791019316,my-rtb-ad-manager-1,0.42
1791019316,my-rtb-schema-registry-1,0.64
1791019316,my-rtb-postgres-1,0.01
1791019316,my-rtb-redis-1,2.44
1791019316,my-rtb-kafka-1,3.05
1791019318,my-rtb-log-consumer-1,2.28
1791019318,my-rtb-bidder-1,11.24
1791019318,my-rtb-ad-manager-1,0.24
1791019318,my-rtb-schema-registry-1,0.58
1791019318,my-rtb-postgres-1,0.01
1791019318,my-rtb-redis-1,2.63
1791019318,my-rtb-kafka-1,3.23
1791019320,my-rtb-log-consumer-1,2.68
1791019320,my-rtb-bidder-1,7.26
1791019320,my-rtb-ad-manager-1,0.27
1791019320,my-rtb-schema-registry-1,0.54
1791019320,my-rtb-postgres-1,0.00
1791019320,my-rtb-redis-1,1.84
1791019320,my-rtb-kafka-1,2.96
1791019322,my-rtb-log-consumer-1,1.79
1791019322,my-rtb-bidder-1,15.88
1791019322,my-rtb-ad-manager-1,0.32
1791019322,my-rtb-schema-registry-1,0.76
1791019322,my-rtb-postgres-1,0.00
1791019322,my-rtb-redis-1,3.25
1791019322,my-rtb-kafka-1,3.00
1791019324,my-rtb-log-consumer-1,2.03
1791019324,my-rtb-bidder-1,12.56
1791019324,my-rtb-ad-manager-1,0.85
1791019324,my-rtb-schema-registry-1,0.54
1791019324,my-rtb-postgres-1,0.00
1791019324,my-rtb-redis-1,2.67
1791019324,my-rtb-kafka-1,3.12
1791019326,my-rtb-log-consumer-1,2.59
1791019326,my-rtb-bidder-1,9.80
1791019326,my-rtb-ad-manager-1,0.35
1791019326,my-rtb-schema-registry-1,0.70
1791019326,my-rtb-postgres-1,0.00
1791019326,my-rtb-redis-1,2.35
1791019326,my-rtb-kafka-1,3.11
1791019328,my-rtb-log-consumer-1,2.11
1791019328,my-rtb-bidder-1,11.29
1791019328,my-rtb-ad-manager-1,0.34
1791019328,my-rtb-schema-registry-1,0.76
1791019328,my-rtb-postgres-1,0.01
1791019328,my-rtb-redis-1,2.50
1791019328,my-rtb-kafka-1,3.30
1791019331,my-rtb-log-consumer-1,1.96
1791019331,my-rtb-bidder-1,6.31
1791019331,my-rtb-ad-manager-1,0.29
1791019331,my-rtb-schema-registry-1,0.63
1791019331,my-rtb-postgres-1,0.00
1791019331,my-rtb-redis-1,1.59
1791019331,my-rtb-kafka-1,3.29
1791019333,my-rtb-log-consumer-1,2.95
1791019333,my-rtb-bidder-1,4.92
1791019333,my-rtb-ad-manager-1,0.28
1791019333,my-rtb-schema-registry-1,0.58
1791019333,my-rtb-postgres-1,0.74
1791019333,my-rtb-redis-1,1.39
1791019333,my-rtb-kafka-1,3.33
1791019335,my-rtb-log-consumer-1,1.61
1791019335,my-rtb-bidder-1,6.55
1791019335,my-rtb-ad-manager-1,0.27
1791019335,my-rtb-schema-registry-1,0.66
1791019335,my-rtb-postgres-1,0.00
1791019335,my-rtb-redis-1,1.72
1791019335,my-rtb-kafka-1,3.07
1791019337,my-rtb-log-consumer-1,1.79
1791019337,my-rtb-bidder-1,7.02
1791019337,my-rtb-ad-manager-1,0.33
1791019337,my-rtb-schema-registry-1,0.56
1791019337,my-rtb-postgres-1,0.00
1791019337,my-rtb-redis-1,1.62
1791019337,my-rtb-kafka-1,2.91
1791019339,my-rtb-log-consumer-1,2.72
1791019339,my-rtb-bidder-1,17.18
1791019339,my-rtb-ad-manager-1,0.33
1791019339,my-rtb-schema-registry-1,0.60
1791019339,my-rtb-postgres-1,0.01
1791019339,my-rtb-redis-1,3.28
1791019339,my-rtb-kafka-1,3.58
1791019341,my-rtb-log-consumer-1,1.87
1791019341,my-rtb-bidder-1,10.93
1791019341,my-rtb-ad-manager-1,0.29
1791019341,my-rtb-schema-registry-1,0.60
1791019341,my-rtb-postgres-1,0.00
1791019341,my-rtb-redis-1,2.38
1791019341,my-rtb-kafka-1,4.23
1791019343,my-rtb-log-consumer-1,1.49
1791019343,my-rtb-bidder-1,13.75
1791019343,my-rtb-ad-manager-1,0.30
1791019343,my-rtb-schema-registry-1,0.63
1791019343,my-rtb-postgres-1,0.00
1791019343,my-rtb-redis-1,2.83
1791019343,my-rtb-kafka-1,2.86
1791019345,my-rtb-log-consumer-1,3.10
1791019345,my-rtb-bidder-1,10.10
1791019345,my-rtb-ad-manager-1,0.30
1791019345,my-rtb-schema-registry-1,0.76
1791019345,my-rtb-postgres-1,0.00
1791019345,my-rtb-redis-1,2.30
1791019345,my-rtb-kafka-1,3.64
1791019347,my-rtb-log-consumer-1,1.83
1791019347,my-rtb-bidder-1,18.47
1791019347,my-rtb-ad-manager-1,0.42
1791019347,my-rtb-schema-registry-1,0.68
1791019347,my-rtb-postgres-1,0.01
1791019347,my-rtb-redis-1,3.09
1791019347,my-rtb-kafka-1,2.96
1791019349,my-rtb-log-consumer-1,1.69
1791019349,my-rtb-bidder-1,7.85
1791019349,my-rtb-ad-manager-1,0.30
1791019349,my-rtb-schema-registry-1,0.79
1791019349,my-rtb-postgres-1,0.01
1791019349,my-rtb-redis-1,1.85
1791019349,my-rtb-kafka-1,3.36
1791019351,my-rtb-log-consumer-1,2.42
1791019351,my-rtb-bidder-1,12.37
1791019351,my-rtb-ad-manager-1,0.27
1791019351,my-rtb-schema-registry-1,0.64
1791019351,my-rtb-postgres-1,0.00
1791019351,my-rtb-redis-1,2.90
1791019351,my-rtb-kafka-1,3.19
1791019353,my-rtb-log-consumer-1,1.94
1791019353,my-rtb-bidder-1,16.09
1791019353,my-rtb-ad-manager-1,0.31
1791019353,my-rtb-schema-registry-1,0.62
1791019353,my-rtb-postgres-1,0.33
1791019353,my-rtb-redis-1,2.88
1791019353,my-rtb-kafka-1,3.05
1791019355,my-rtb-log-consumer-1,1.52
1791019355,my-rtb-bidder-1,16.38
1791019355,my-rtb-ad-manager-1,0.31
1791019355,my-rtb-schema-registry-1,0.58
1791019355,my-rtb-postgres-1,0.00
1791019355,my-rtb-redis-1,3.14
1791019355,my-rtb-kafka-1,3.55
1791019357,my-rtb-log-consumer-1,2.50
1791019357,my-rtb-bidder-1,13.29
1791019357,my-rtb-ad-manager-1,0.25
1791019357,my-rtb-schema-registry-1,0.67
1791019357,my-rtb-postgres-1,0.00
1791019357,my-rtb-redis-1,2.83
1791019357,my-rtb-kafka-1,3.17
1791019359,my-rtb-log-consumer-1,2.18
1791019359,my-rtb-bidder-1,7.12
1791019359,my-rtb-ad-manager-1,0.33
1791019359,my-rtb-schema-registry-1,0.62
1791019359,my-rtb-postgres-1,0.01
1791019359,my-rtb-redis-1,1.76
1791019359,my-rtb-kafka-1,3.25
1791019361,my-rtb-log-consumer-1,1.92
1791019361,my-rtb-bidder-1,12.74
1791019361,my-rtb-ad-manager-1,0.27
1791019361,my-rtb-schema-registry-1,0.52
1791019361,my-rtb-postgres-1,0.00
1791019361,my-rtb-redis-1,6.54
1791019361,my-rtb-kafka-1,3.57
1791019363,my-rtb-log-consumer-1,1.70
1791019363,my-rtb-bidder-1,10.16
1791019363,my-rtb-ad-manager-1,0.16
1791019363,my-rtb-schema-registry-1,0.49
1791019363,my-rtb-postgres-1,0.00
1791019363,my-rtb-redis-1,18.62
1791019363,my-rtb-kafka-1,2.70
1791019365,my-rtb-log-consumer-1,0.68
1791019365,my-rtb-bidder-1,7.34
1791019365,my-rtb-ad-manager-1,0.08
1791019365,my-rtb-schema-registry-1,0.18
1791019365,my-rtb-postgres-1,0.00
1791019365,my-rtb-redis-1,1.53
1791019365,my-rtb-kafka-1,1.21
1791019365,zen_dirac,99.67
1791019368,my-rtb-log-consumer-1,1.65
1791019368,my-rtb-bidder-1,10.20
1791019368,my-rtb-ad-manager-1,0.17
1791019368,my-rtb-schema-registry-1,0.40
1791019368,my-rtb-postgres-1,0.00
1791019368,my-rtb-redis-1,2.43
1791019368,my-rtb-kafka-1,2.93
1791019370,my-rtb-log-consumer-1,1.73
1791019370,my-rtb-bidder-1,6.79
1791019370,my-rtb-ad-manager-1,0.28
1791019370,my-rtb-schema-registry-1,0.60
1791019370,my-rtb-postgres-1,0.00
1791019370,my-rtb-redis-1,1.96
1791019370,my-rtb-kafka-1,9.70
1791019372,my-rtb-log-consumer-1,2.40
1791019372,my-rtb-bidder-1,9.18
1791019372,my-rtb-ad-manager-1,0.25
1791019372,my-rtb-schema-registry-1,0.56
1791019372,my-rtb-postgres-1,1.45
1791019372,my-rtb-redis-1,2.30
1791019372,my-rtb-kafka-1,2.88
1791019374,my-rtb-log-consumer-1,1.90
1791019374,my-rtb-bidder-1,18.20
1791019374,my-rtb-ad-manager-1,0.28
1791019374,my-rtb-schema-registry-1,0.53
1791019374,my-rtb-postgres-1,0.00
1791019374,my-rtb-redis-1,4.04
1791019374,my-rtb-kafka-1,2.85
1791019376,my-rtb-log-consumer-1,1.57
1791019376,my-rtb-bidder-1,14.29
1791019376,my-rtb-ad-manager-1,0.36
1791019376,my-rtb-schema-registry-1,0.57
1791019376,my-rtb-postgres-1,0.01
1791019376,my-rtb-redis-1,3.12
1791019376,my-rtb-kafka-1,2.61
1791019378,my-rtb-log-consumer-1,2.37
1791019378,my-rtb-bidder-1,12.61
1791019378,my-rtb-ad-manager-1,0.24
1791019378,my-rtb-schema-registry-1,0.64
1791019378,my-rtb-postgres-1,0.00
1791019378,my-rtb-redis-1,1.74
1791019378,my-rtb-kafka-1,2.93
1791019380,my-rtb-log-consumer-1,2.44
1791019380,my-rtb-bidder-1,13.10
1791019380,my-rtb-ad-manager-1,0.30
1791019380,my-rtb-schema-registry-1,0.66
1791019380,my-rtb-postgres-1,0.00
1791019380,my-rtb-redis-1,2.92
1791019380,my-rtb-kafka-1,3.08
1791019382,my-rtb-log-consumer-1,1.55
1791019382,my-rtb-bidder-1,15.11
1791019382,my-rtb-ad-manager-1,0.34
1791019382,my-rtb-schema-registry-1,0.64
1791019382,my-rtb-postgres-1,0.07
1791019382,my-rtb-redis-1,3.43
1791019382,my-rtb-kafka-1,2.83
1791019384,my-rtb-log-consumer-1,1.75
1791019384,my-rtb-bidder-1,9.76
1791019384,my-rtb-ad-manager-1,0.31
1791019384,my-rtb-schema-registry-1,0.52
1791019384,my-rtb-postgres-1,0.00
1791019384,my-rtb-redis-1,2.50
1791019384,my-rtb-kafka-1,2.95
1791019386,my-rtb-log-consumer-1,2.92
1791019386,my-rtb-bidder-1,11.80
1791019386,my-rtb-ad-manager-1,0.56
1791019386,my-rtb-schema-registry-1,0.74
1791019386,my-rtb-postgres-1,0.00
1791019386,my-rtb-redis-1,2.66
1791019386,my-rtb-kafka-1,3.35
1791019388,my-rtb-log-consumer-1,2.25
1791019388,my-rtb-bidder-1,17.82
1791019388,my-rtb-ad-manager-1,0.31
1791019388,my-rtb-schema-registry-1,0.81
1791019388,my-rtb-postgres-1,0.00
1791019388,my-rtb-redis-1,3.07
1791019388,my-rtb-kafka-1,2.75
1791019391,my-rtb-log-consumer-1,1.97
1791019391,my-rtb-bidder-1,12.36
1791019391,my-rtb-ad-manager-1,0.33
1791019391,my-rtb-schema-registry-1,0.56
1791019391,my-rtb-postgres-1,0.00
1791019391,my-rtb-redis-1,2.91
1791019391,my-rtb-kafka-1,3.01
1791019393,my-rtb-log-consumer-1,3.01
1791019393,my-rtb-bidder-1,12.19
1791019393,my-rtb-ad-manager-1,0.28
1791019393,my-rtb-schema-registry-1,0.75
1791019393,my-rtb-postgres-1,0.99
1791019393,my-rtb-redis-1,2.54
1791019393,my-rtb-kafka-1,3.26
1791019395,my-rtb-log-consumer-1,1.57
1791019395,my-rtb-bidder-1,11.33
1791019395,my-rtb-ad-manager-1,0.30
1791019395,my-rtb-schema-registry-1,0.64
1791019395,my-rtb-postgres-1,0.00
1791019395,my-rtb-redis-1,2.53
1791019395,my-rtb-kafka-1,3.29
1791019397,my-rtb-log-consumer-1,1.93
1791019397,my-rtb-bidder-1,13.23
1791019397,my-rtb-ad-manager-1,0.31
1791019397,my-rtb-schema-registry-1,0.57
1791019397,my-rtb-postgres-1,0.00
1791019397,my-rtb-redis-1,2.90
1791019397,my-rtb-kafka-1,2.97
1791019399,my-rtb-log-consumer-1,2.91
1791019399,my-rtb-bidder-1,15.70
1791019399,my-rtb-ad-manager-1,0.34
1791019399,my-rtb-schema-registry-1,0.67
1791019399,my-rtb-postgres-1,0.00
1791019399,my-rtb-redis-1,2.85
1791019399,my-rtb-kafka-1,5.96
1791019401,my-rtb-log-consumer-1,1.53
1791019401,my-rtb-bidder-1,16.40
1791019401,my-rtb-ad-manager-1,0.25
1791019401,my-rtb-schema-registry-1,0.52
1791019401,my-rtb-postgres-1,0.00
1791019401,my-rtb-redis-1,3.20
1791019401,my-rtb-kafka-1,7.25
1791019403,my-rtb-log-consumer-1,1.83
1791019403,my-rtb-bidder-1,9.89
1791019403,my-rtb-ad-manager-1,0.32
1791019403,my-rtb-schema-registry-1,0.57
1791019403,my-rtb-postgres-1,0.00
1791019403,my-rtb-redis-1,2.34
1791019403,my-rtb-kafka-1,3.10
1791019405,my-rtb-log-consumer-1,2.60
1791019405,my-rtb-bidder-1,10.75
1791019405,my-rtb-ad-manager-1,0.29
1791019405,my-rtb-schema-registry-1,0.65
1791019405,my-rtb-postgres-1,0.00
1791019405,my-rtb-redis-1,2.17
1791019405,my-rtb-kafka-1,3.38
1791019407,my-rtb-log-consumer-1,2.00
1791019407,my-rtb-bidder-1,9.99
1791019407,my-rtb-ad-manager-1,0.37
1791019407,my-rtb-schema-registry-1,0.73
1791019407,my-rtb-postgres-1,0.01
1791019407,my-rtb-redis-1,2.85
1791019407,my-rtb-kafka-1,3.23
1791019409,my-rtb-log-consumer-1,3.59
1791019409,my-rtb-bidder-1,20.25
1791019409,my-rtb-ad-manager-1,0.28
1791019409,my-rtb-schema-registry-1,0.57
1791019409,my-rtb-postgres-1,0.00
1791019409,my-rtb-redis-1,4.22
1791019409,my-rtb-kafka-1,3.13
1791019411,my-rtb-log-consumer-1,2.57
1791019411,my-rtb-bidder-1,8.89
1791019411,my-rtb-ad-manager-1,0.27
1791019411,my-rtb-schema-registry-1,1.30
1791019411,my-rtb-postgres-1,0.00
1791019411,my-rtb-redis-1,2.33
1791019411,my-rtb-kafka-1,3.17
1791019413,my-rtb-log-consumer-1,2.08
1791019413,my-rtb-bidder-1,10.43
1791019413,my-rtb-ad-manager-1,0.29
1791019413,my-rtb-schema-registry-1,0.62
1791019413,my-rtb-postgres-1,0.80
1791019413,my-rtb-redis-1,2.44
1791019413,my-rtb-kafka-1,3.06
1791019415,my-rtb-log-consumer-1,2.15
1791019415,my-rtb-bidder-1,14.09
1791019415,my-rtb-ad-manager-1,0.30
1791019415,my-rtb-schema-registry-1,0.55
1791019415,my-rtb-postgres-1,0.00
1791019415,my-rtb-redis-1,3.19
1791019415,my-rtb-kafka-1,3.77
1791019417,my-rtb-log-consumer-1,3.33
1791019417,my-rtb-bidder-1,18.14
1791019417,my-rtb-ad-manager-1,0.64
1791019417,my-rtb-schema-registry-1,0.75
1791019417,my-rtb-postgres-1,0.00
1791019417,my-rtb-redis-1,4.63
1791019417,my-rtb-kafka-1,4.41
1791019419,my-rtb-log-consumer-1,2.50
1791019419,my-rtb-bidder-1,7.01
1791019419,my-rtb-ad-manager-1,0.36
1791019419,my-rtb-schema-registry-1,1.24
1791019419,my-rtb-postgres-1,0.00
1791019419,my-rtb-redis-1,2.27
1791019419,my-rtb-kafka-1,3.55
1791019421,my-rtb-log-consumer-1,1.79
1791019421,my-rtb-bidder-1,11.70
1791019421,my-rtb-ad-manager-1,0.21
1791019421,my-rtb-schema-registry-1,0.70
1791019421,my-rtb-postgres-1,0.02
1791019421,my-rtb-redis-1,3.57
1791019421,my-rtb-kafka-1,3.04
1791019423,my-rtb-log-consumer-1,1.80
1791019423,my-rtb-bidder-1,7.20
1791019423,my-rtb-ad-manager-1,0.17
1791019423,my-rtb-schema-registry-1,0.36
1791019423,my-rtb-postgres-1,0.00
1791019423,my-rtb-redis-1,7.69
1791019423,my-rtb-kafka-1,2.77
1791019425,my-rtb-log-consumer-1,1.13
1791019425,my-rtb-bidder-1,9.39
1791019425,my-rtb-ad-manager-1,0.11
1791019425,my-rtb-schema-registry-1,0.28
1791019425,my-rtb-postgres-1,0.00
1791019425,my-rtb-redis-1,71.67
1791019425,my-rtb-kafka-1,2.38
1791019425,happy_allen,99.00
1791019428,my-rtb-log-consumer-1,1.34
1791019428,my-rtb-bidder-1,5.31
1791019428,my-rtb-ad-manager-1,0.13
1791019428,my-rtb-schema-registry-1,0.30
1791019428,my-rtb-postgres-1,0.00
1791019428,my-rtb-redis-1,1.16
1791019428,my-rtb-kafka-1,1.45
1791019430,my-rtb-log-consumer-1,2.12
1791019430,my-rtb-bidder-1,11.77
1791019430,my-rtb-ad-manager-1,0.29
1791019430,my-rtb-schema-registry-1,0.57
1791019430,my-rtb-postgres-1,0.04
1791019430,my-rtb-redis-1,2.63
1791019430,my-rtb-kafka-1,3.84
1791019432,my-rtb-log-consumer-1,2.29
1791019432,my-rtb-bidder-1,9.58
1791019432,my-rtb-ad-manager-1,0.26
1791019432,my-rtb-schema-registry-1,0.63
1791019432,my-rtb-postgres-1,1.52
1791019432,my-rtb-redis-1,2.59
1791019432,my-rtb-kafka-1,3.30
1791019434,my-rtb-log-consumer-1,2.64
1791019434,my-rtb-bidder-1,7.39
1791019434,my-rtb-ad-manager-1,0.54
1791019434,my-rtb-schema-registry-1,0.78
1791019434,my-rtb-postgres-1,0.00
1791019434,my-rtb-redis-1,2.13
1791019434,my-rtb-kafka-1,3.76
1791019436,my-rtb-log-consumer-1,1.74
1791019436,my-rtb-bidder-1,17.42
1791019436,my-rtb-ad-manager-1,0.37
1791019436,my-rtb-schema-registry-1,0.63
1791019436,my-rtb-postgres-1,0.01
1791019436,my-rtb-redis-1,2.93
1791019436,my-rtb-kafka-1,2.78
1791019438,my-rtb-log-consumer-1,2.01
1791019438,my-rtb-bidder-1,8.05
1791019438,my-rtb-ad-manager-1,0.27
1791019438,my-rtb-schema-registry-1,0.59
1791019438,my-rtb-postgres-1,0.00
1791019438,my-rtb-redis-1,2.03
1791019438,my-rtb-kafka-1,2.97
1791019440,my-rtb-log-consumer-1,3.63
1791019440,my-rtb-bidder-1,7.50
1791019440,my-rtb-ad-manager-1,0.28
1791019440,my-rtb-schema-registry-1,0.75
1791019440,my-rtb-postgres-1,0.02
1791019440,my-rtb-redis-1,2.05
1791019440,my-rtb-kafka-1,4.40
1791019442,my-rtb-log-consumer-1,2.24
1791019442,my-rtb-bidder-1,10.97
1791019442,my-rtb-ad-manager-1,0.30
1791019442,my-rtb-schema-registry-1,0.63
1791019442,my-rtb-postgres-1,0.00
1791019442,my-rtb-redis-1,2.78
1791019442,my-rtb-kafka-1,3.53
1791019445,my-rtb-log-consumer-1,2.03
1791019445,my-rtb-bidder-1,12.87
1791019445,my-rtb-ad-manager-1,0.30
1791019445,my-rtb-schema-registry-1,0.66
1791019445,my-rtb-postgres-1,0.00
1791019445,my-rtb-redis-1,3.84
1791019445,my-rtb-kafka-1,3.58
1791019447,my-rtb-log-consumer-1,3.30
1791019447,my-rtb-bidder-1,4.40
1791019447,my-rtb-ad-manager-1,0.50
1791019447,my-rtb-schema-registry-1,0.78
1791019447,my-rtb-postgres-1,0.02
1791019447,my-rtb-redis-1,1.67
1791019447,my-rtb-kafka-1,3.73
1791019449,my-rtb-log-consumer-1,2.64
1791019449,my-rtb-bidder-1,14.94
1791019449,my-rtb-ad-manager-1,0.32
1791019449,my-rtb-schema-registry-1,0.87
1791019449,my-rtb-postgres-1,0.00
1791019449,my-rtb-redis-1,4.05
1791019449,my-rtb-kafka-1,3.88
1791019451,my-rtb-log-consumer-1,1.72
1791019451,my-rtb-bidder-1,10.58
1791019451,my-rtb-ad-manager-1,0.24
1791019451,my-rtb-schema-registry-1,0.63
1791019451,my-rtb-postgres-1,0.01
1791019451,my-rtb-redis-1,2.80
1791019451,my-rtb-kafka-1,2.98
1791019453,my-rtb-log-consumer-1,2.74
1791019453,my-rtb-bidder-1,11.59
1791019453,my-rtb-ad-manager-1,0.33
1791019453,my-rtb-schema-registry-1,0.67
1791019453,my-rtb-postgres-1,1.38
1791019453,my-rtb-redis-1,2.76
1791019453,my-rtb-kafka-1,10.61
1791019455,my-rtb-log-consumer-1,1.71
1791019455,my-rtb-bidder-1,9.06
1791019455,my-rtb-ad-manager-1,0.33
1791019455,my-rtb-schema-registry-1,0.58
1791019455,my-rtb-postgres-1,0.00
1791019455,my-rtb-redis-1,2.74
1791019455,my-rtb-kafka-1,3.03
1791019457,my-rtb-log-consumer-1,1.51
1791019457,my-rtb-bidder-1,13.00
1791019457,my-rtb-ad-manager-1,0.46
1791019457,my-rtb-schema-registry-1,0.79
1791019457,my-rtb-postgres-1,0.01
1791019457,my-rtb-redis-1,4.10
1791019457,my-rtb-kafka-1,2.58
1791019459,my-rtb-log-consumer-1,2.69
1791019459,my-rtb-bidder-1,11.28
1791019459,my-rtb-ad-manager-1,0.28
1791019459,my-rtb-schema-registry-1,0.67
1791019459,my-rtb-postgres-1,0.00
1791019459,my-rtb-redis-1,3.80
1791019459,my-rtb-kafka-1,3.28
1791019461,my-rtb-log-consumer-1,2.12
1791019461,my-rtb-bidder-1,4.61
1791019461,my-rtb-ad-manager-1,0.28
1791019461,my-rtb-schema-registry-1,0.66
1791019461,my-rtb-postgres-1,0.02
1791019461,my-rtb-redis-1,1.89
1791019461,my-rtb-kafka-1,3.39
1791019463,my-rtb-log-consumer-1,1.57
1791019463,my-rtb-bidder-1,13.94
1791019463,my-rtb-ad-manager-1,0.29
1791019463,my-rtb-schema-registry-1,0.56
1791019463,my-rtb-postgres-1,0.00
1791019463,my-rtb-redis-1,4.17
1791019463,my-rtb-kafka-1,2.52
1791019465,my-rtb-log-consumer-1,3.01
1791019465,my-rtb-bidder-1,9.57
1791019465,my-rtb-ad-manager-1,0.26
1791019465,my-rtb-schema-registry-1,0.74
1791019465,my-rtb-postgres-1,0.00
1791019465,my-rtb-redis-1,2.99
1791019465,my-rtb-kafka-1,3.76
1791019467,my-rtb-log-consumer-1,1.92
1791019467,my-rtb-bidder-1,9.29
1791019467,my-rtb-ad-manager-1,0.35
1791019467,my-rtb-schema-registry-1,0.70
1791019467,my-rtb-postgres-1,0.01
1791019467,my-rtb-redis-1,2.75
1791019467,my-rtb-kafka-1,3.07
1791019469,my-rtb-log-consumer-1,1.86
1791019469,my-rtb-bidder-1,6.57
1791019469,my-rtb-ad-manager-1,0.30
1791019469,my-rtb-schema-registry-1,0.81
1791019469,my-rtb-postgres-1,0.00
1791019469,my-rtb-redis-1,2.12
1791019469,my-rtb-kafka-1,3.72
1791019471,my-rtb-log-consumer-1,2.65
1791019471,my-rtb-bidder-1,10.18
1791019471,my-rtb-ad-manager-1,0.26
1791019471,my-rtb-schema-registry-1,0.57
1791019471,my-rtb-postgres-1,0.02
1791019471,my-rtb-redis-1,3.26
1791019471,my-rtb-kafka-1,3.21
1791019473,my-rtb-log-consumer-1,1.83
1791019473,my-rtb-bidder-1,11.93
1791019473,my-rtb-ad-manager-1,0.30
1791019473,my-rtb-schema-registry-1,0.59
1791019473,my-rtb-postgres-1,1.92
1791019473,my-rtb-redis-1,3.70
1791019473,my-rtb-kafka-1,2.94
1791019475,my-rtb-log-consumer-1,1.57
1791019475,my-rtb-bidder-1,5.44
1791019475,my-rtb-ad-manager-1,0.29
1791019475,my-rtb-schema-registry-1,0.62
1791019475,my-rtb-postgres-1,0.00
1791019475,my-rtb-redis-1,1.90
1791019475,my-rtb-kafka-1,4.17
1791019477,my-rtb-log-consumer-1,2.18
1791019477,my-rtb-bidder-1,6.88
1791019477,my-rtb-ad-manager-1,0.29
1791019477,my-rtb-schema-registry-1,0.61
1791019477,my-rtb-postgres-1,0.00
1791019477,my-rtb-redis-1,2.76
1791019477,my-rtb-kafka-1,3.00
1791019479,my-rtb-log-consumer-1,1.88
1791019479,my-rtb-bidder-1,22.25
1791019479,my-rtb-ad-manager-1,0.31
1791019479,my-rtb-schema-registry-1,0.58
1791019479,my-rtb-postgres-1,0.00
1791019479,my-rtb-redis-1,3.83
1791019479,my-rtb-kafka-1,3.13
1791019481,my-rtb-log-consumer-1,1.21
1791019481,my-rtb-bidder-1,4.48
1791019481,my-rtb-ad-manager-1,0.27
1791019481,my-rtb-schema-registry-1,0.53
1791019481,my-rtb-postgres-1,0.03
1791019481,my-rtb-redis-1,1.64
1791019481,my-rtb-kafka-1,2.44
1791019483,my-rtb-log-consumer-1,1.45
1791019483,my-rtb-bidder-1,5.67
1791019483,my-rtb-ad-manager-1,0.21
1791019483,my-rtb-schema-registry-1,0.44
1791019483,my-rtb-postgres-1,0.00
1791019483,my-rtb-redis-1,1.54
1791019483,my-rtb-kafka-1,2.05
1791019485,my-rtb-log-consumer-1,0.96
1791019485,my-rtb-bidder-1,4.94
1791019485,my-rtb-ad-manager-1,0.12
1791019485,my-rtb-schema-registry-1,0.26
1791019485,my-rtb-postgres-1,0.00
1791019485,my-rtb-redis-1,31.47
1791019485,my-rtb-kafka-1,1.58
1791019485,nice_cannon,100.39
1791019488,my-rtb-log-consumer-1,1.09
1791019488,my-rtb-bidder-1,8.95
1791019488,my-rtb-ad-manager-1,0.14
1791019488,my-rtb-schema-registry-1,0.33
1791019488,my-rtb-postgres-1,0.00
1791019488,my-rtb-redis-1,1.98
1791019488,my-rtb-kafka-1,1.53
1791019490,my-rtb-log-consumer-1,1.42
1791019490,my-rtb-bidder-1,5.98
1791019490,my-rtb-ad-manager-1,0.23
1791019490,my-rtb-schema-registry-1,0.45
1791019490,my-rtb-postgres-1,0.00
1791019490,my-rtb-redis-1,1.73
1791019490,my-rtb-kafka-1,3.11
1791019492,my-rtb-log-consumer-1,2.42
1791019492,my-rtb-bidder-1,4.96
1791019492,my-rtb-ad-manager-1,0.27
1791019492,my-rtb-schema-registry-1,0.66
1791019492,my-rtb-postgres-1,1.25
1791019492,my-rtb-redis-1,1.77
1791019492,my-rtb-kafka-1,3.53
1791019494,my-rtb-log-consumer-1,3.17
1791019494,my-rtb-bidder-1,8.63
1791019494,my-rtb-ad-manager-1,0.27
1791019494,my-rtb-schema-registry-1,0.65
1791019494,my-rtb-postgres-1,0.00
1791019494,my-rtb-redis-1,2.25
1791019494,my-rtb-kafka-1,3.36
1791019497,my-rtb-log-consumer-1,1.81
1791019497,my-rtb-bidder-1,11.74
1791019497,my-rtb-ad-manager-1,0.39
1791019497,my-rtb-schema-registry-1,0.57
1791019497,my-rtb-postgres-1,0.01
1791019497,my-rtb-redis-1,2.67
1791019497,my-rtb-kafka-1,3.06
1791019499,my-rtb-log-consumer-1,1.67
1791019499,my-rtb-bidder-1,6.95
1791019499,my-rtb-ad-manager-1,0.30
1791019499,my-rtb-schema-registry-1,0.49
1791019499,my-rtb-postgres-1,0.00
1791019499,my-rtb-redis-1,1.94
1791019499,my-rtb-kafka-1,2.83
1791019501,my-rtb-log-consumer-1,2.75
1791019501,my-rtb-bidder-1,5.94
1791019501,my-rtb-ad-manager-1,0.36
1791019501,my-rtb-schema-registry-1,0.90
1791019501,my-rtb-postgres-1,0.00
1791019501,my-rtb-redis-1,1.69
1791019501,my-rtb-kafka-1,3.52
1791019503,my-rtb-log-consumer-1,1.51
1791019503,my-rtb-bidder-1,5.93
1791019503,my-rtb-ad-manager-1,0.30
1791019503,my-rtb-schema-registry-1,0.62
1791019503,my-rtb-postgres-1,0.00
1791019503,my-rtb-redis-1,1.63
1791019503,my-rtb-kafka-1,2.68
1791019505,my-rtb-log-consumer-1,1.61
1791019505,my-rtb-bidder-1,5.57
1791019505,my-rtb-ad-manager-1,0.31
1791019505,my-rtb-schema-registry-1,0.53
1791019505,my-rtb-postgres-1,0.00
1791019505,my-rtb-redis-1,1.69
1791019505,my-rtb-kafka-1,2.96
1791019507,my-rtb-log-consumer-1,2.26
1791019507,my-rtb-bidder-1,9.05
1791019507,my-rtb-ad-manager-1,0.59
1791019507,my-rtb-schema-registry-1,0.58
1791019507,my-rtb-postgres-1,0.02
1791019507,my-rtb-redis-1,2.65
1791019507,my-rtb-kafka-1,2.93
1791019509,my-rtb-log-consumer-1,3.69
1791019509,my-rtb-bidder-1,7.03
1791019509,my-rtb-ad-manager-1,0.29
1791019509,my-rtb-schema-registry-1,3.67
1791019509,my-rtb-postgres-1,0.00
1791019509,my-rtb-redis-1,2.16
1791019509,my-rtb-kafka-1,5.94
1791019511,my-rtb-log-consumer-1,1.35
1791019511,my-rtb-bidder-1,8.70
1791019511,my-rtb-ad-manager-1,0.33
1791019511,my-rtb-schema-registry-1,0.57
1791019511,my-rtb-postgres-1,0.00
1791019511,my-rtb-redis-1,3.21
1791019511,my-rtb-kafka-1,2.79
1791019513,my-rtb-log-consumer-1,2.46
1791019513,my-rtb-bidder-1,5.49
1791019513,my-rtb-ad-manager-1,0.28
1791019513,my-rtb-schema-registry-1,0.65
1791019513,my-rtb-postgres-1,1.25
1791019513,my-rtb-redis-1,2.43
1791019513,my-rtb-kafka-1,3.22
1791019515,my-rtb-log-consumer-1,2.22
1791019515,my-rtb-bidder-1,7.64
1791019515,my-rtb-ad-manager-1,0.30
1791019515,my-rtb-schema-registry-1,0.66
1791019515,my-rtb-postgres-1,0.00
1791019515,my-rtb-redis-1,2.38
1791019515,my-rtb-kafka-1,3.96
1791019517,my-rtb-log-consumer-1,1.50
1791019517,my-rtb-bidder-1,7.27
1791019517,my-rtb-ad-manager-1,0.30
1791019517,my-rtb-schema-registry-1,0.96
1791019517,my-rtb-postgres-1,0.01
1791019517,my-rtb-redis-1,2.24
1791019517,my-rtb-kafka-1,3.28
1791019519,my-rtb-log-consumer-1,2.09
1791019519,my-rtb-bidder-1,4.75
1791019519,my-rtb-ad-manager-1,0.28
1791019519,my-rtb-schema-registry-1,0.59
1791019519,my-rtb-postgres-1,0.00
1791019519,my-rtb-redis-1,2.10
1791019519,my-rtb-kafka-1,2.93
1791019521,my-rtb-log-consumer-1,1.87
1791019521,my-rtb-bidder-1,7.02
1791019521,my-rtb-ad-manager-1,0.31
1791019521,my-rtb-schema-registry-1,0.69
1791019521,my-rtb-postgres-1,0.00
1791019521,my-rtb-redis-1,2.72
1791019521,my-rtb-kafka-1,2.88
1791019523,my-rtb-log-consumer-1,11.27
1791019523,my-rtb-bidder-1,4.53
1791019523,my-rtb-ad-manager-1,0.29
1791019523,my-rtb-schema-registry-1,0.61
1791019523,my-rtb-postgres-1,1.17
1791019523,my-rtb-redis-1,1.70
1791019523,my-rtb-kafka-1,2.74
1791019525,my-rtb-log-consumer-1,7.25
1791019525,my-rtb-bidder-1,3.20
1791019525,my-rtb-ad-manager-1,0.23
1791019525,my-rtb-schema-registry-1,0.51
1791019525,my-rtb-postgres-1,1.47
1791019525,my-rtb-redis-1,1.31
1791019525,my-rtb-kafka-1,3.23
1791019527,my-rtb-log-consumer-1,1.77
1791019527,my-rtb-bidder-1,9.48
1791019527,my-rtb-ad-manager-1,0.31
1791019527,my-rtb-schema-registry-1,0.65
1791019527,my-rtb-postgres-1,0.00
1791019527,my-rtb-redis-1,3.72
1791019527,my-rtb-kafka-1,2.98
1791019529,my-rtb-log-consumer-1,2.84
1791019529,my-rtb-bidder-1,10.74
1791019529,my-rtb-ad-manager-1,2.06
1791019529,my-rtb-schema-registry-1,0.54
1791019529,my-rtb-postgres-1,2.38
1791019529,my-rtb-redis-1,3.83
1791019529,my-rtb-kafka-1,3.62
1791019531,my-rtb-log-consumer-1,2.68
1791019531,my-rtb-bidder-1,10.41
1791019531,my-rtb-ad-manager-1,1.54
1791019531,my-rtb-schema-registry-1,0.76
1791019531,my-rtb-postgres-1,0.00
1791019531,my-rtb-redis-1,3.59
1791019531,my-rtb-kafka-1,3.58
1791019533,my-rtb-log-consumer-1,1.83
1791019533,my-rtb-bidder-1,9.83
1791019533,my-rtb-ad-manager-1,0.27
1791019533,my-rtb-schema-registry-1,0.46
1791019533,my-rtb-postgres-1,0.00
1791019533,my-rtb-redis-1,3.08
1791019533,my-rtb-kafka-1,2.83
1791019535,my-rtb-log-consumer-1,3.53
1791019535,my-rtb-bidder-1,9.57
1791019535,my-rtb-ad-manager-1,0.34
1791019535,my-rtb-schema-registry-1,0.72
1791019535,my-rtb-postgres-1,3.44
1791019535,my-rtb-redis-1,2.69
1791019535,my-rtb-kafka-1,4.24
1791019537,my-rtb-log-consumer-1,4.20
1791019537,my-rtb-bidder-1,7.48
1791019537,my-rtb-ad-manager-1,0.25
1791019537,my-rtb-schema-registry-1,0.59
1791019537,my-rtb-postgres-1,1.40
1791019537,my-rtb-redis-1,2.48
1791019537,my-rtb-kafka-1,11.39
1791019539,my-rtb-log-consumer-1,1.52
1791019539,my-rtb-bidder-1,7.81
1791019539,my-rtb-ad-manager-1,1.55
1791019539,my-rtb-schema-registry-1,0.52
1791019539,my-rtb-postgres-1,0.83
1791019539,my-rtb-redis-1,2.34
1791019539,my-rtb-kafka-1,2.27
1791019541,my-rtb-log-consumer-1,1.60
1791019541,my-rtb-bidder-1,8.80
1791019541,my-rtb-ad-manager-1,0.24
1791019541,my-rtb-schema-registry-1,0.48
1791019541,my-rtb-postgres-1,0.02
1791019541,my-rtb-redis-1,2.96
1791019541,my-rtb-kafka-1,3.43
1791019543,my-rtb-log-consumer-1,1.08
1791019543,my-rtb-bidder-1,4.79
1791019543,my-rtb-ad-manager-1,0.14
1791019543,my-rtb-schema-registry-1,0.30
1791019543,my-rtb-postgres-1,0.00
1791019543,my-rtb-redis-1,1.50
1791019543,my-rtb-kafka-1,1.75
1791019545,my-rtb-log-consumer-1,1.09
1791019545,my-rtb-bidder-1,4.64
1791019545,my-rtb-ad-manager-1,0.11
1791019545,my-rtb-schema-registry-1,0.27
1791019545,my-rtb-postgres-1,0.00
1791019545,my-rtb-redis-1,1.08
1791019545,my-rtb-kafka-1,1.74
1791019545,relaxed_feistel,99.44
1791019548,my-rtb-log-consumer-1,1.30
1791019548,my-rtb-bidder-1,4.85
1791019548,my-rtb-ad-manager-1,0.11
1791019548,my-rtb-schema-registry-1,0.27
1791019548,my-rtb-postgres-1,0.00
1791019548,my-rtb-redis-1,94.17
1791019548,my-rtb-kafka-1,1.29
1791019550,my-rtb-log-consumer-1,1.45
1791019550,my-rtb-bidder-1,3.89
1791019550,my-rtb-ad-manager-1,0.37
1791019550,my-rtb-schema-registry-1,0.55
1791019550,my-rtb-postgres-1,0.00
1791019550,my-rtb-redis-1,1.26
1791019550,my-rtb-kafka-1,3.64
1791019553,my-rtb-log-consumer-1,1.67
1791019553,my-rtb-bidder-1,6.84
1791019553,my-rtb-ad-manager-1,0.31
1791019553,my-rtb-schema-registry-1,0.62
1791019553,my-rtb-postgres-1,1.25
1791019553,my-rtb-redis-1,2.19
1791019553,my-rtb-kafka-1,4.83
1791019555,my-rtb-log-consumer-1,2.39
1791019555,my-rtb-bidder-1,6.81
1791019555,my-rtb-ad-manager-1,0.30
1791019555,my-rtb-schema-registry-1,0.67
1791019555,my-rtb-postgres-1,0.03
1791019555,my-rtb-redis-1,1.89
1791019555,my-rtb-kafka-1,3.09
1791019557,my-rtb-log-consumer-1,1.38
1791019557,my-rtb-bidder-1,8.95
1791019557,my-rtb-ad-manager-1,2.49
1791019557,my-rtb-schema-registry-1,0.54
1791019557,my-rtb-postgres-1,1.15
1791019557,my-rtb-redis-1,2.43
1791019557,my-rtb-kafka-1,2.69
1791019559,my-rtb-log-consumer-1,1.66
1791019559,my-rtb-bidder-1,5.11
1791019559,my-rtb-ad-manager-1,0.26
1791019559,my-rtb-schema-registry-1,0.55
1791019559,my-rtb-postgres-1,0.00
1791019559,my-rtb-redis-1,2.52
1791019559,my-rtb-kafka-1,3.16
1791019561,my-rtb-log-consumer-1,2.22
1791019561,my-rtb-bidder-1,8.20
1791019561,my-rtb-ad-manager-1,0.31
1791019561,my-rtb-schema-registry-1,0.57
1791019561,my-rtb-postgres-1,0.00
1791019561,my-rtb-redis-1,2.24
1791019561,my-rtb-kafka-1,3.04
1791019563,my-rtb-log-consumer-1,7.94
1791019563,my-rtb-bidder-1,7.89
1791019563,my-rtb-ad-manager-1,0.29
1791019563,my-rtb-schema-registry-1,0.57
1791019563,my-rtb-postgres-1,1.21
1791019563,my-rtb-redis-1,2.16
1791019563,my-rtb-kafka-1,3.01
1791019565,my-rtb-log-consumer-1,1.62
1791019565,my-rtb-bidder-1,5.70
1791019565,my-rtb-ad-manager-1,0.40
1791019565,my-rtb-schema-registry-1,0.66
1791019565,my-rtb-postgres-1,0.02
1791019565,my-rtb-redis-1,1.66
1791019565,my-rtb-kafka-1,3.33
1791019567,my-rtb-log-consumer-1,2.88
1791019567,my-rtb-bidder-1,6.13
1791019567,my-rtb-ad-manager-1,0.50
1791019567,my-rtb-schema-registry-1,0.80
1791019567,my-rtb-postgres-1,0.01
1791019567,my-rtb-redis-1,1.71
1791019567,my-rtb-kafka-1,3.20
1791019569,my-rtb-log-consumer-1,2.47
1791019569,my-rtb-bidder-1,6.39
1791019569,my-rtb-ad-manager-1,0.27
1791019569,my-rtb-schema-registry-1,0.81
1791019569,my-rtb-postgres-1,0.00
1791019569,my-rtb-redis-1,1.55
1791019569,my-rtb-kafka-1,3.24
1791019571,my-rtb-log-consumer-1,1.66
1791019571,my-rtb-bidder-1,4.76
1791019571,my-rtb-ad-manager-1,0.28
1791019571,my-rtb-schema-registry-1,0.58
1791019571,my-rtb-postgres-1,0.00
1791019571,my-rtb-redis-1,1.52
1791019571,my-rtb-kafka-1,2.74
1791019573,my-rtb-log-consumer-1,2.68
1791019573,my-rtb-bidder-1,5.64
1791019573,my-rtb-ad-manager-1,0.37
1791019573,my-rtb-schema-registry-1,0.69
1791019573,my-rtb-postgres-1,0.87
1791019573,my-rtb-redis-1,1.91
1791019573,my-rtb-kafka-1,3.46
1791019575,my-rtb-log-consumer-1,1.97
1791019575,my-rtb-bidder-1,12.26
1791019575,my-rtb-ad-manager-1,0.29
1791019575,my-rtb-schema-registry-1,0.70
1791019575,my-rtb-postgres-1,0.03
1791019575,my-rtb-redis-1,3.22
1791019575,my-rtb-kafka-1,4.23
1791019577,my-rtb-log-consumer-1,1.46
1791019577,my-rtb-bidder-1,4.96
1791019577,my-rtb-ad-manager-1,0.31
1791019577,my-rtb-schema-registry-1,0.99
1791019577,my-rtb-postgres-1,0.01
1791019577,my-rtb-redis-1,1.62
1791019577,my-rtb-kafka-1,3.13
1791019579,my-rtb-log-consumer-1,2.31
1791019579,my-rtb-bidder-1,6.49
1791019579,my-rtb-ad-manager-1,0.29
1791019579,my-rtb-schema-registry-1,0.66
1791019579,my-rtb-postgres-1,0.00
1791019579,my-rtb-redis-1,2.26
1791019579,my-rtb-kafka-1,3.33
1791019581,my-rtb-log-consumer-1,1.68
1791019581,my-rtb-bidder-1,7.54
1791019581,my-rtb-ad-manager-1,0.28
1791019581,my-rtb-schema-registry-1,0.60
1791019581,my-rtb-postgres-1,0.00
1791019581,my-rtb-redis-1,2.39
1791019581,my-rtb-kafka-1,2.96
1791019583,my-rtb-log-consumer-1,1.61
1791019583,my-rtb-bidder-1,5.55
1791019583,my-rtb-ad-manager-1,0.29
1791019583,my-rtb-schema-registry-1,0.57
1791019583,my-rtb-postgres-1,0.04
1791019583,my-rtb-redis-1,1.82
1791019583,my-rtb-kafka-1,3.23
1791019585,my-rtb-log-consumer-1,2.37
1791019585,my-rtb-bidder-1,5.79
1791019585,my-rtb-ad-manager-1,0.24
1791019585,my-rtb-schema-registry-1,0.66
1791019585,my-rtb-postgres-1,0.04
1791019585,my-rtb-redis-1,1.98
1791019585,my-rtb-kafka-1,3.46
1791019587,my-rtb-log-consumer-1,1.77
1791019587,my-rtb-bidder-1,6.20
1791019587,my-rtb-ad-manager-1,0.31
1791019587,my-rtb-schema-registry-1,0.75
1791019587,my-rtb-postgres-1,0.01
1791019587,my-rtb-redis-1,1.93
1791019587,my-rtb-kafka-1,2.74
1791019589,my-rtb-log-consumer-1,1.33
1791019589,my-rtb-bidder-1,8.40
1791019589,my-rtb-ad-manager-1,0.31
1791019589,my-rtb-schema-registry-1,0.56
1791019589,my-rtb-postgres-1,0.03
1791019589,my-rtb-redis-1,2.65
1791019589,my-rtb-kafka-1,2.90
1791019591,my-rtb-log-consumer-1,2.40
1791019591,my-rtb-bidder-1,4.43
1791019591,my-rtb-ad-manager-1,0.28
1791019591,my-rtb-schema-registry-1,0.72
1791019591,my-rtb-postgres-1,0.00
1791019591,my-rtb-redis-1,1.67
1791019591,my-rtb-kafka-1,3.43
1791019593,my-rtb-log-consumer-1,1.85
1791019593,my-rtb-bidder-1,4.47
1791019593,my-rtb-ad-manager-1,0.30
1791019593,my-rtb-schema-registry-1,0.61
1791019593,my-rtb-postgres-1,0.00
1791019593,my-rtb-redis-1,1.57
1791019593,my-rtb-kafka-1,2.83
1791019595,my-rtb-log-consumer-1,1.73
1791019595,my-rtb-bidder-1,8.94
1791019595,my-rtb-ad-manager-1,0.34
1791019595,my-rtb-schema-registry-1,0.79
1791019595,my-rtb-postgres-1,0.07
1791019595,my-rtb-redis-1,3.11
1791019595,my-rtb-kafka-1,8.03
1791019597,my-rtb-log-consumer-1,2.24
1791019597,my-rtb-bidder-1,4.25
1791019597,my-rtb-ad-manager-1,0.26
1791019597,my-rtb-schema-registry-1,0.64
1791019597,my-rtb-postgres-1,0.03
1791019597,my-rtb-redis-1,1.58
1791019597,my-rtb-kafka-1,3.23
1791019599,my-rtb-log-consumer-1,1.87
1791019599,my-rtb-bidder-1,6.88
1791019599,my-rtb-ad-manager-1,0.32
1791019599,my-rtb-schema-registry-1,0.56
1791019599,my-rtb-postgres-1,0.02
1791019599,my-rtb-redis-1,2.25
1791019599,my-rtb-kafka-1,2.99
1791019601,my-rtb-log-consumer-1,1.55
1791019601,my-rtb-bidder-1,3.61
1791019601,my-rtb-ad-manager-1,0.34
1791019601,my-rtb-schema-registry-1,0.70
1791019601,my-rtb-postgres-1,0.00
1791019601,my-rtb-redis-1,1.52
1791019601,my-rtb-kafka-1,3.25
1791019603,my-rtb-log-consumer-1,1.26
1791019603,my-rtb-bidder-1,4.32
1791019603,my-rtb-ad-manager-1,0.13
1791019603,my-rtb-schema-registry-1,0.48
1791019603,my-rtb-postgres-1,0.00
1791019603,my-rtb-redis-1,1.16
1791019603,my-rtb-kafka-1,1.79
1791019605,my-rtb-log-consumer-1,0.91
1791019605,my-rtb-bidder-1,3.50
1791019605,my-rtb-ad-manager-1,0.10
1791019605,my-rtb-schema-registry-1,0.22
1791019605,my-rtb-postgres-1,0.00
1791019605,my-rtb-redis-1,0.93
1791019605,my-rtb-kafka-1,1.21
1791019605,optimistic_napier,99.11
1791019609,my-rtb-log-consumer-1,0.96
1791019609,my-rtb-bidder-1,6.13
1791019609,my-rtb-ad-manager-1,0.10
1791019609,my-rtb-schema-registry-1,0.24
1791019609,my-rtb-postgres-1,0.00
1791019609,my-rtb-redis-1,1.34
1791019609,my-rtb-kafka-1,1.21
1791019611,my-rtb-log-consumer-1,0.63
1791019611,my-rtb-bidder-1,3.68
1791019611,my-rtb-ad-manager-1,0.11
1791019611,my-rtb-schema-registry-1,0.24
1791019611,my-rtb-postgres-1,0.00
1791019611,my-rtb-redis-1,74.71
1791019611,my-rtb-kafka-1,1.30
1791019613,my-rtb-log-consumer-1,1.87
1791019613,my-rtb-bidder-1,4.41
1791019613,my-rtb-ad-manager-1,0.31
1791019613,my-rtb-schema-registry-1,0.77
1791019613,my-rtb-postgres-1,1.71
1791019613,my-rtb-redis-1,1.58
1791019613,my-rtb-kafka-1,3.25
1791019615,my-rtb-log-consumer-1,2.17
1791019615,my-rtb-bidder-1,3.25
1791019615,my-rtb-ad-manager-1,0.26
1791019615,my-rtb-schema-registry-1,0.66
1791019615,my-rtb-postgres-1,0.00
1791019615,my-rtb-redis-1,1.32
1791019615,my-rtb-kafka-1,3.27
1791019617,my-rtb-log-consumer-1,1.26
1791019617,my-rtb-bidder-1,6.92
1791019617,my-rtb-ad-manager-1,0.91
1791019617,my-rtb-schema-registry-1,0.53
1791019617,my-rtb-postgres-1,0.07
1791019617,my-rtb-redis-1,1.96
1791019617,my-rtb-kafka-1,2.63
1791019619,my-rtb-log-consumer-1,1.50
1791019619,my-rtb-bidder-1,7.56
1791019619,my-rtb-ad-manager-1,0.27
1791019619,my-rtb-schema-registry-1,0.58
1791019619,my-rtb-postgres-1,0.00
1791019619,my-rtb-redis-1,2.38
1791019619,my-rtb-kafka-1,3.10
1791019621,my-rtb-log-consumer-1,2.50
1791019621,my-rtb-bidder-1,5.50
1791019621,my-rtb-ad-manager-1,0.29
1791019621,my-rtb-schema-registry-1,0.95
1791019621,my-rtb-postgres-1,0.00
1791019621,my-rtb-redis-1,1.75
1791019621,my-rtb-kafka-1,3.24
1791019623,my-rtb-log-consumer-1,1.63
1791019623,my-rtb-bidder-1,8.04
1791019623,my-rtb-ad-manager-1,0.31
1791019623,my-rtb-schema-registry-1,0.63
1791019623,my-rtb-postgres-1,0.02
1791019623,my-rtb-redis-1,2.30
1791019623,my-rtb-kafka-1,2.98
1791019625,my-rtb-log-consumer-1,1.54
1791019625,my-rtb-bidder-1,5.84
1791019625,my-rtb-ad-manager-1,0.33
1791019625,my-rtb-schema-registry-1,0.60
1791019625,my-rtb-postgres-1,0.00
1791019625,my-rtb-redis-1,1.90
1791019625,my-rtb-kafka-1,3.26
1791019627,my-rtb-log-consumer-1,2.92
1791019627,my-rtb-bidder-1,7.92
1791019627,my-rtb-ad-manager-1,0.53
1791019627,my-rtb-schema-registry-1,0.71
1791019627,my-rtb-postgres-1,0.01
1791019627,my-rtb-redis-1,2.53
1791019627,my-rtb-kafka-1,3.50
1791019629,my-rtb-log-consumer-1,1.71
1791019629,my-rtb-bidder-1,9.27
1791019629,my-rtb-ad-manager-1,1.14
1791019629,my-rtb-schema-registry-1,0.71
1791019629,my-rtb-postgres-1,0.00
1791019629,my-rtb-redis-1,2.85
1791019629,my-rtb-kafka-1,2.85
1791019631,my-rtb-log-consumer-1,1.25
1791019631,my-rtb-bidder-1,7.79
1791019631,my-rtb-ad-manager-1,0.30
1791019631,my-rtb-schema-registry-1,0.61
1791019631,my-rtb-postgres-1,0.00
1791019631,my-rtb-redis-1,2.34
1791019631,my-rtb-kafka-1,3.83
1791019633,my-rtb-log-consumer-1,2.43
1791019633,my-rtb-bidder-1,4.89
1791019633,my-rtb-ad-manager-1,0.26
1791019633,my-rtb-schema-registry-1,0.65
1791019633,my-rtb-postgres-1,0.90
1791019633,my-rtb-redis-1,1.70
1791019633,my-rtb-kafka-1,2.97
1791019635,my-rtb-log-consumer-1,1.40
1791019635,my-rtb-bidder-1,4.96
1791019635,my-rtb-ad-manager-1,0.30
1791019635,my-rtb-schema-registry-1,0.53
1791019635,my-rtb-postgres-1,0.00
1791019635,my-rtb-redis-1,1.76
1791019635,my-rtb-kafka-1,2.97
1791019637,my-rtb-log-consumer-1,1.57
1791019637,my-rtb-bidder-1,6.25
1791019637,my-rtb-ad-manager-1,0.32
1791019637,my-rtb-schema-registry-1,0.79
1791019637,my-rtb-postgres-1,0.01
1791019637,my-rtb-redis-1,1.84
1791019637,my-rtb-kafka-1,2.96
1791019639,my-rtb-log-consumer-1,2.24
1791019639,my-rtb-bidder-1,4.88
1791019639,my-rtb-ad-manager-1,0.30
1791019639,my-rtb-schema-registry-1,0.63
1791019639,my-rtb-postgres-1,0.00
1791019639,my-rtb-redis-1,1.57
1791019639,my-rtb-kafka-1,3.12
1791019641,my-rtb-log-consumer-1,1.54
1791019641,my-rtb-bidder-1,8.51
1791019641,my-rtb-ad-manager-1,0.29
1791019641,my-rtb-schema-registry-1,0.63
1791019641,my-rtb-postgres-1,0.00
1791019641,my-rtb-redis-1,2.51
1791019641,my-rtb-kafka-1,3.03
1791019643,my-rtb-log-consumer-1,1.48
1791019643,my-rtb-bidder-1,4.84
1791019643,my-rtb-ad-manager-1,0.33
1791019643,my-rtb-schema-registry-1,0.59
1791019643,my-rtb-postgres-1,0.00
1791019643,my-rtb-redis-1,1.72
1791019643,my-rtb-kafka-1,2.76
1791019645,my-rtb-log-consumer-1,4.63
1791019645,my-rtb-bidder-1,4.97
1791019645,my-rtb-ad-manager-1,0.26
1791019645,my-rtb-schema-registry-1,0.54
1791019645,my-rtb-postgres-1,0.00
1791019645,my-rtb-redis-1,1.61
1791019645,my-rtb-kafka-1,5.62
1791019647,my-rtb-log-consumer-1,2.05
1791019647,my-rtb-bidder-1,6.59
1791019647,my-rtb-ad-manager-1,0.30
1791019647,my-rtb-schema-registry-1,0.70
1791019647,my-rtb-postgres-1,0.01
1791019647,my-rtb-redis-1,2.25
1791019647,my-rtb-kafka-1,3.23
1791019649,my-rtb-log-consumer-1,1.44
1791019649,my-rtb-bidder-1,6.41
1791019649,my-rtb-ad-manager-1,0.33
1791019649,my-rtb-schema-registry-1,0.64
1791019649,my-rtb-postgres-1,0.00
1791019649,my-rtb-redis-1,2.28
1791019649,my-rtb-kafka-1,3.05
1791019651,my-rtb-log-consumer-1,1.99
1791019651,my-rtb-bidder-1,5.29
1791019651,my-rtb-ad-manager-1,0.26
1791019651,my-rtb-schema-registry-1,0.61
1791019651,my-rtb-postgres-1,0.00
1791019651,my-rtb-redis-1,1.79
1791019651,my-rtb-kafka-1,3.00
1791019653,my-rtb-log-consumer-1,1.38
1791019653,my-rtb-bidder-1,4.93
1791019653,my-rtb-ad-manager-1,0.23
1791019653,my-rtb-schema-registry-1,0.33
1791019653,my-rtb-postgres-1,0.00
1791019653,my-rtb-redis-1,1.60
1791019653,my-rtb-kafka-1,3.10
1791019655,my-rtb-log-consumer-1,1.41
1791019655,my-rtb-bidder-1,10.32
1791019655,my-rtb-ad-manager-1,0.49
1791019655,my-rtb-schema-registry-1,0.62
1791019655,my-rtb-postgres-1,0.00
1791019655,my-rtb-redis-1,3.48
1791019655,my-rtb-kafka-1,3.79
1791019657,my-rtb-log-consumer-1,1.60
1791019657,my-rtb-bidder-1,4.86
1791019657,my-rtb-ad-manager-1,0.21
1791019657,my-rtb-schema-registry-1,0.49
1791019657,my-rtb-postgres-1,0.00
1791019657,my-rtb-redis-1,1.72
1791019657,my-rtb-kafka-1,2.40
1791019659,my-rtb-log-consumer-1,2.18
1791019659,my-rtb-bidder-1,6.54
1791019659,my-rtb-ad-manager-1,0.32
1791019659,my-rtb-schema-registry-1,0.57
1791019659,my-rtb-postgres-1,0.00
1791019659,my-rtb-redis-1,2.11
1791019659,my-rtb-kafka-1,3.10
1791019661,my-rtb-log-consumer-1,1.16
1791019661,my-rtb-bidder-1,7.62
1791019661,my-rtb-ad-manager-1,0.25
1791019661,my-rtb-schema-registry-1,0.50
1791019661,my-rtb-postgres-1,0.01
1791019661,my-rtb-redis-1,2.34
1791019661,my-rtb-kafka-1,2.37
1791019664,my-rtb-log-consumer-1,1.20
1791019664,my-rtb-bidder-1,2.29
1791019664,my-rtb-ad-manager-1,0.16
1791019664,my-rtb-schema-registry-1,0.31
1791019664,my-rtb-postgres-1,0.00
1791019664,my-rtb-redis-1,0.95
1791019664,my-rtb-kafka-1,1.79
1791019664,--,0.00
1791019666,cool_nightingale,99.59
1791019666,my-rtb-log-consumer-1,0.78
1791019666,my-rtb-bidder-1,4.49
1791019666,my-rtb-ad-manager-1,0.10
1791019666,my-rtb-schema-registry-1,0.17
1791019666,my-rtb-postgres-1,0.00
1791019666,my-rtb-redis-1,1.49
1791019666,my-rtb-kafka-1,1.14
1791019668,my-rtb-log-consumer-1,1.13
1791019668,my-rtb-bidder-1,2.37
1791019668,my-rtb-ad-manager-1,0.10
1791019668,my-rtb-schema-registry-1,0.19
1791019668,my-rtb-postgres-1,0.01
1791019668,my-rtb-redis-1,0.90
1791019668,my-rtb-kafka-1,2.81
1791019670,my-rtb-log-consumer-1,1.20
1791019670,my-rtb-bidder-1,3.90
1791019670,my-rtb-ad-manager-1,0.13
1791019670,my-rtb-schema-registry-1,0.39
1791019670,my-rtb-postgres-1,0.00
1791019670,my-rtb-redis-1,1.74
1791019670,my-rtb-kafka-1,1.83
1791019672,my-rtb-log-consumer-1,1.69
1791019672,my-rtb-bidder-1,6.17
1791019672,my-rtb-ad-manager-1,0.16
1791019672,my-rtb-schema-registry-1,0.34
1791019672,my-rtb-postgres-1,0.03
1791019672,my-rtb-redis-1,61.17
1791019672,my-rtb-kafka-1,1.90
1791019674,my-rtb-log-consumer-1,0.82
1791019674,my-rtb-bidder-1,2.03
1791019674,my-rtb-ad-manager-1,0.14
1791019674,my-rtb-schema-registry-1,0.40
1791019674,my-rtb-postgres-1,0.00
1791019674,my-rtb-redis-1,4.38
1791019674,my-rtb-kafka-1,1.42
1791019676,my-rtb-log-consumer-1,0.84
1791019676,my-rtb-bidder-1,2.94
1791019676,my-rtb-ad-manager-1,0.15
1791019676,my-rtb-schema-registry-1,0.27
1791019676,my-rtb-postgres-1,0.00
1791019676,my-rtb-redis-1,0.98
1791019676,my-rtb-kafka-1,1.72
1791019678,my-rtb-log-consumer-1,1.58
1791019678,my-rtb-bidder-1,5.53
1791019678,my-rtb-ad-manager-1,0.14
1791019678,my-rtb-schema-registry-1,0.37
1791019678,my-rtb-postgres-1,0.01
1791019678,my-rtb-redis-1,1.78
1791019678,my-rtb-kafka-1,1.90
1791019680,my-rtb-log-consumer-1,1.08
1791019680,my-rtb-bidder-1,5.29
1791019680,my-rtb-ad-manager-1,0.16
1791019680,my-rtb-schema-registry-1,0.32
1791019680,my-rtb-postgres-1,0.00
1791019680,my-rtb-redis-1,1.34
1791019680,my-rtb-kafka-1,1.80
